-- phpMyAdmin SQL Dump
-- version 4.0.9
-- http://www.phpmyadmin.net
--
-- Host: 127.0.0.1
-- Generation Time: Feb 03, 2014 at 06:21 AM
-- Server version: 5.6.14
-- PHP Version: 5.5.8

SET SQL_MODE = "NO_AUTO_VALUE_ON_ZERO";
SET time_zone = "+00:00";


/*!40101 SET @OLD_CHARACTER_SET_CLIENT=@@CHARACTER_SET_CLIENT */;
/*!40101 SET @OLD_CHARACTER_SET_RESULTS=@@CHARACTER_SET_RESULTS */;
/*!40101 SET @OLD_COLLATION_CONNECTION=@@COLLATION_CONNECTION */;
/*!40101 SET NAMES utf8 */;

--
-- Database: `timesheet`
--

-- --------------------------------------------------------

--
-- Table structure for table `notification`
--

CREATE TABLE IF NOT EXISTS `notification` (
  `notification_id` int(20) NOT NULL AUTO_INCREMENT,
  `notification_body` varchar(255) DEFAULT NULL,
  `notification_priority` int(1) DEFAULT NULL,
  `notification_read` int(1) DEFAULT NULL,
  `notification_type` int(1) DEFAULT NULL,
  `notification_subject_id` int(20) DEFAULT NULL,
  `notification_date` datetime DEFAULT NULL,
  PRIMARY KEY (`notification_id`)
) ENGINE=InnoDB  DEFAULT CHARSET=latin1 AUTO_INCREMENT=354 ;

--
-- Dumping data for table `notification`
--

INSERT INTO `notification` (`notification_id`, `notification_body`, `notification_priority`, `notification_read`, `notification_type`, `notification_subject_id`, `notification_date`) VALUES
(1, 'overthrew Guatemala''s government in 1954, making his birth year around 1948). He is a member of spy ', 0, 1, 1, 25, '1918-07-05 15:35:48'),
(2, 'may be KGB head Major Nikolai Jakov, ODIN director Len Trexler, or jazz drummer Buddy Rich. Later ', 2, 1, 0, 28, '1926-05-26 01:53:44'),
(3, 'added to the list of possible fathers was an unnamed young Italian man who was gunned down in the ', 1, 1, 1, 8, '2000-02-22 02:38:34'),
(4, 'unknown major. Woodhouse is present, also implying he is a better parent to Sterling than Malory who was not present. ', 0, 0, 1, 13, '1964-01-31 16:40:20'),
(5, 'ive with a fairly high degree of personal bravery, as shown during his escape from Moscow when he consistently ou', 2, 0, 0, 28, '1909-03-10 03:04:38'),
(6, 'advanced. It is rather for us to be here dedicated to the great task remaining before us ', 2, 0, 1, 27, '1941-03-31 23:58:51'),
(7, 'the last full measure of devotion  that we here highly resolve that these dead shall not ', 0, 1, 0, 7, '1943-07-11 22:43:52'),
(8, 'the last full measure of devotion  that we here highly resolve that these dead shall not ', 2, 1, 0, 3, '1994-08-15 17:08:04'),
(9, ' Lana the last set of scuba gear and tells her he loves her before drowning to be rescucitated). Archer also bonds ', 2, 1, 0, 12, '1988-07-12 21:41:15'),
(10, 'lacrosse, although flashbacks have indicated he had few friends. A picture of Archer in Placebo Effect shows Archer ', 0, 1, 0, 10, '1901-01-01 18:00:53'),
(11, 'conceived and so dedicated, can long endure. We are met on a great battle-field of that war.', 0, 0, 1, 18, '1976-07-14 15:49:00'),
(12, 'is always because he will somehow benefit. He does, however, insist upon compensating anyone from whom he commandeers ', 1, 1, 0, 8, '1948-09-18 22:37:45'),
(13, 'His relation with his mother Malory—who is also his boss at ISIS—is often strained, never sympathetic, ', 0, 1, 0, 23, '1956-10-09 16:32:35'),
(14, 'overthrew Guatemala''s government in 1954, making his birth year around 1948). He is a member of spy ', 2, 0, 1, 7, '1914-12-02 14:46:40'),
(15, 'and mentions that he spent all night helping a giant Domnican guy bury his rooster in the everglades, This becomes ', 0, 0, 0, 30, '1996-09-05 19:36:01'),
(16, 'and mentions that he spent all night helping a giant Domnican guy bury his rooster in the everglades, This becomes ', 0, 1, 0, 10, '1946-02-13 00:34:49'),
(17, ' from breast cancer, he demonstrates considerable regret at his treatment of his co-workers at ISIS, buying Pam and ', 2, 1, 1, 13, '1937-07-12 01:30:58'),
(18, 'and sometimes bluntly abusive. It is implied that Archer was exposed to "negative reinforcement" when ', 0, 1, 1, 19, '1929-09-30 04:36:40'),
(19, 'seaplane, bandaging his head and giving him CPR', 1, 1, 1, 14, '1960-05-05 14:35:10'),
(20, 'may be KGB head Major Nikolai Jakov, ODIN director Len Trexler, or jazz drummer Buddy Rich. Later ', 2, 1, 1, 20, '1966-09-18 04:23:44'),
(21, 'he establishes a friendship with a fellow cancer patient, Ruth. Another example of this is in Honeypot when Archer ', 2, 0, 1, 20, '2006-01-14 03:04:45'),
(22, 'Four score and seven years ago our fathers brought forth on this continent, a new nation, ', 2, 1, 1, 12, '1946-05-31 08:00:44'),
(23, 'though Malory Archer denies this) and used to have an on-again, off-again relationship with fellow agent Lana ', 2, 0, 0, 29, '1966-12-06 07:25:36'),
(24, ' We have come to dedicate a portion of that field, as a final resting place for those who ', 2, 1, 0, 8, '1985-12-02 11:33:34'),
(25, 'and "three pounds of glass" in his feet. When he was finally cornered in an elevator, he blindfolded himself and fu', 1, 0, 1, 5, '1994-02-22 19:08:57'),
(26, 'for the Johns Hopkins lacrosse team, as well as being stalked and subsequently shot by a mysterious woman, Ruth ', 1, 0, 0, 26, '1904-07-02 17:13:36'),
(27, 'ive with a fairly high degree of personal bravery, as shown during his escape from Moscow when he consistently ou', 2, 1, 0, 3, '1954-04-13 09:15:53'),
(28, 'a stuffed alligator.  He, unfortunately, awakens before remembering his father''s face.', 2, 1, 0, 24, '2004-01-26 16:43:41'),
(29, 'the last full measure of devotion  that we here highly resolve that these dead shall not ', 1, 1, 1, 26, '1924-04-27 16:55:54'),
(30, ' from breast cancer, he demonstrates considerable regret at his treatment of his co-workers at ISIS, buying Pam and ', 0, 1, 0, 4, '1913-01-29 00:50:36'),
(31, 'equipment or goods, although he does not always trade to them items they want or need.', 2, 1, 0, 16, '1910-01-20 05:04:42'),
(32, 'lacrosse, although flashbacks have indicated he had few friends. A picture of Archer in Placebo Effect shows Archer ', 2, 1, 0, 27, '1969-10-04 19:49:16'),
(33, 'though Malory Archer denies this) and used to have an on-again, off-again relationship with fellow agent Lana ', 2, 1, 1, 27, '1941-11-06 17:45:49'),
(34, 'finds himself in a bar that hosts chicken-fighting matches. A big, weeping Dominican man is sitting next to him, ', 0, 0, 1, 13, '1923-02-11 19:23:15'),
(35, 'here gave their lives that that nation might live. It is altogether fitting and proper that ', 2, 0, 0, 7, '1920-07-13 10:01:29'),
(36, 'In the Season 4 episode, Once Bitten, Sterling revisits his past led by a cut-rate James Mason, as his spirit ', 2, 1, 1, 25, '1936-06-15 05:07:04'),
(37, ' from breast cancer, he demonstrates considerable regret at his treatment of his co-workers at ISIS, buying Pam and ', 2, 1, 1, 1, '1971-05-13 04:57:27'),
(38, 'he was growing up by Malory in The Double Deuce (Malory denies Seamus a toy, saying, "Did somebody trick ', 0, 0, 1, 2, '1972-06-14 19:54:52'),
(39, 'that from these honored dead we take increased devotion to that cause for which they gave ', 1, 1, 1, 13, '1943-10-15 20:46:58'),
(40, 'dedicated here to the unfinished work which they who fought here have thus far so nobly ', 1, 1, 1, 8, '1999-12-25 07:20:54'),
(41, 'with the wee baby Seamus over the course of the episode as he considers him the closest that he will ever get to having a', 1, 0, 1, 13, '2002-06-09 14:38:43'),
(42, 'he establishes a friendship with a fellow cancer patient, Ruth. Another example of this is in Honeypot when Archer ', 2, 0, 0, 6, '1985-06-20 05:36:14'),
(43, 'anyone who crosses him (or even sometimes merely crosses his path), he is also undeniably an intuitively good operat', 1, 1, 0, 19, '1985-09-21 05:53:54'),
(44, 'seaplane, bandaging his head and giving him CPR', 2, 1, 0, 27, '1903-10-26 00:47:23'),
(45, 'alone, while his mother assisted in overthrowing the government of Guatemala (in reality the CIA ', 2, 0, 0, 19, '1986-06-14 01:37:19'),
(46, 'Now we are engaged in a great civil war, testing whether that nation, or any nation so ', 1, 0, 0, 20, '1919-01-23 04:21:12'),
(47, 'we should do this.', 0, 1, 0, 6, '2000-06-11 07:07:35'),
(48, 'streets of Italy and had "blue eyes, full lips and thick wavy hair".[1]', 0, 0, 1, 17, '2008-07-09 19:21:30'),
(49, 'finds himself in a bar that hosts chicken-fighting matches. A big, weeping Dominican man is sitting next to him, ', 1, 0, 1, 24, '1910-02-13 08:11:21'),
(50, 'Anne Litzenberger. Sterling''s memories culminate in remembering his sixth birthday when his real father gave him ', 1, 0, 1, 12, '1915-09-27 04:22:16'),
(51, '', 2, 0, 1, 25, '1967-05-12 15:46:36'),
(52, 'Cheryl bunches of roses and later stating to Lana Kane that he still loves her (also in the season 4 finale he gives', 0, 1, 0, 14, '2006-06-16 03:42:14'),
(53, 'As a result of this long classical education and friendlessness, Archer is surprisingly well-read.', 2, 1, 1, 15, '1932-09-05 11:59:59'),
(54, 'In the Season 4 episode, Once Bitten, Sterling revisits his past led by a cut-rate James Mason, as his spirit ', 2, 1, 0, 18, '2011-05-19 00:46:17'),
(55, 'lly intended his last words to be "F*** you, you douchebags."', 2, 0, 1, 26, '1918-10-15 08:03:20'),
(56, 'here, but it can never forget what they did here. It is for us the living, rather, to be ', 0, 0, 0, 2, '1905-05-04 23:18:12'),
(57, 'he establishes a friendship with a fellow cancer patient, Ruth. Another example of this is in Honeypot when Archer ', 2, 1, 1, 18, '1908-02-13 04:54:01'),
(58, 'twitted and outfought the numerous soldiers dispatched to recapture him despite never having a functional firearm ', 0, 0, 1, 28, '1963-03-07 09:10:04'),
(59, 'twitted and outfought the numerous soldiers dispatched to recapture him despite never having a functional firearm ', 0, 0, 0, 15, '1918-01-29 19:24:39'),
(60, 'Archer has the less than masculine codename of "Duchess" (taken from his mother''s beloved Afghan wolfhound, ', 0, 0, 0, 29, '2001-02-05 09:33:16'),
(61, 'Cheryl bunches of roses and later stating to Lana Kane that he still loves her (also in the season 4 finale he gives', 1, 1, 1, 16, '1988-10-31 14:46:32'),
(62, 'conceived in Liberty, and dedicated to the proposition that all men are created equal.', 1, 0, 0, 14, '1989-05-15 22:15:57'),
(63, 'streets of Italy and had "blue eyes, full lips and thick wavy hair".[1]', 2, 0, 1, 14, '1988-04-15 17:52:31'),
(64, 'and "three pounds of glass" in his feet. When he was finally cornered in an elevator, he blindfolded himself and fu', 0, 1, 0, 10, '1953-01-11 07:52:10'),
(65, 'a stuffed alligator.  He, unfortunately, awakens before remembering his father''s face.', 0, 1, 1, 25, '1935-11-02 22:23:33'),
(66, 'overthrew Guatemala''s government in 1954, making his birth year around 1948). He is a member of spy ', 1, 0, 0, 9, '1932-10-02 05:27:29'),
(67, 'streets of Italy and had "blue eyes, full lips and thick wavy hair".[1]', 0, 1, 1, 3, '1991-05-06 08:24:38'),
(68, 'fears. In Heart of Archness:Pt 1, he saved Rip Riley from being attacked by a shark by pulling him out his destroyed ', 1, 0, 1, 9, '1901-09-06 12:46:11'),
(69, 'unknown major. Woodhouse is present, also implying he is a better parent to Sterling than Malory who was not present. ', 2, 1, 1, 4, '1962-09-23 13:14:35'),
(70, 'he was growing up by Malory in The Double Deuce (Malory denies Seamus a toy, saying, "Did somebody trick ', 2, 1, 0, 4, '1901-06-18 03:25:02'),
(71, 'added to the list of possible fathers was an unnamed young Italian man who was gunned down in the ', 2, 0, 1, 16, '1910-02-09 08:15:02'),
(72, 'added to the list of possible fathers was an unnamed young Italian man who was gunned down in the ', 0, 1, 1, 5, '2010-07-11 09:58:39'),
(73, 'here gave their lives that that nation might live. It is altogether fitting and proper that ', 2, 1, 0, 8, '1946-12-06 20:23:21'),
(74, 'that from these honored dead we take increased devotion to that cause for which they gave ', 1, 0, 0, 19, '2012-02-02 21:41:23'),
(75, ' We have come to dedicate a portion of that field, as a final resting place for those who ', 1, 0, 0, 13, '1967-11-19 13:14:44'),
(76, 'added to the list of possible fathers was an unnamed young Italian man who was gunned down in the ', 1, 1, 0, 15, '1901-08-10 09:30:44'),
(77, 'finds himself in a bar that hosts chicken-fighting matches. A big, weeping Dominican man is sitting next to him, ', 2, 1, 1, 24, '1948-07-19 14:18:18'),
(78, '', 1, 1, 1, 17, '1913-09-09 19:17:26'),
(79, 'unknown major. Woodhouse is present, also implying he is a better parent to Sterling than Malory who was not present. ', 0, 1, 1, 24, '1906-10-16 03:12:20'),
(80, ' Lana the last set of scuba gear and tells her he loves her before drowning to be rescucitated). Archer also bonds ', 2, 0, 0, 22, '1907-09-19 21:46:57'),
(81, 'Four score and seven years ago our fathers brought forth on this continent, a new nation, ', 0, 1, 1, 30, '2001-03-07 23:43:22'),
(82, 'even more heart warming in hindsight after the second season reveal that alligators are one of Archer''s three biggest ', 2, 0, 0, 24, '1902-02-11 12:17:43'),
(83, ' child, going so far as to have "Seamus" tattooed on his back in recognition of that affection.  Additionally, ', 0, 0, 0, 7, '1913-01-12 10:14:40'),
(84, '', 1, 0, 0, 2, '1956-09-21 00:40:47'),
(85, 'But, in a larger sense, we can not dedicate we can not consecrate we can not hallow this ', 0, 0, 1, 23, '1966-05-18 07:28:27'),
(86, 'government of the people, by the people, for the people, shall not perish from the earth.', 1, 1, 0, 2, '2005-10-15 00:26:08'),
(87, ' We have come to dedicate a portion of that field, as a final resting place for those who ', 0, 1, 0, 17, '1909-06-05 10:07:25'),
(88, 'have died in vain that this nation, under God, shall have a new birth of freedom and that ', 0, 1, 0, 20, '1933-02-24 17:40:25'),
(89, 'overthrew Guatemala''s government in 1954, making his birth year around 1948). He is a member of spy ', 0, 1, 1, 6, '1904-01-13 05:20:09'),
(90, 'In the Season 4 episode, Once Bitten, Sterling revisits his past led by a cut-rate James Mason, as his spirit ', 2, 1, 0, 16, '1983-04-15 04:41:29'),
(91, 'fears. In Heart of Archness:Pt 1, he saved Rip Riley from being attacked by a shark by pulling him out his destroyed ', 1, 0, 1, 20, '1929-05-05 20:35:45'),
(92, 'and sometimes bluntly abusive. It is implied that Archer was exposed to "negative reinforcement" when ', 2, 1, 1, 30, '1933-09-30 18:54:13'),
(93, 'Although he has numerous personality flaws, such as insensitivity, egotism, and a casual attitude towards murdering ', 1, 1, 1, 11, '1940-12-25 15:52:21'),
(94, 'Now we are engaged in a great civil war, testing whether that nation, or any nation so ', 0, 0, 1, 7, '2006-07-05 23:53:10'),
(95, 'here, but it can never forget what they did here. It is for us the living, rather, to be ', 1, 0, 1, 16, '1988-10-26 22:44:53'),
(96, 'a stuffed alligator.  He, unfortunately, awakens before remembering his father''s face.', 2, 0, 0, 28, '1964-08-25 05:16:29'),
(97, ' Lana the last set of scuba gear and tells her he loves her before drowning to be rescucitated). Archer also bonds ', 2, 0, 1, 13, '1977-01-03 09:16:48'),
(98, 'advanced. It is rather for us to be here dedicated to the great task remaining before us ', 1, 1, 1, 11, '1993-11-09 06:16:45'),
(99, 'that from these honored dead we take increased devotion to that cause for which they gave ', 0, 1, 0, 28, '1909-03-14 17:20:49'),
(100, 'anyone who crosses him (or even sometimes merely crosses his path), he is also undeniably an intuitively good operat', 1, 0, 0, 20, '1984-11-22 11:33:00'),
(101, 'finds himself in a bar that hosts chicken-fighting matches. A big, weeping Dominican man is sitting next to him, ', 0, 1, 0, 26, '1906-10-23 03:13:50'),
(102, 'have died in vain that this nation, under God, shall have a new birth of freedom and that ', 2, 1, 0, 4, '1968-04-04 04:09:37'),
(103, 'who contributed greatly to Archer''s parenting. Archer is voiced by H. Jon Benjamin.', 2, 1, 0, 3, '1995-01-02 00:10:51'),
(104, 'and "three pounds of glass" in his feet. When he was finally cornered in an elevator, he blindfolded himself and fu', 0, 0, 0, 7, '1957-01-03 04:26:39'),
(105, 'equipment or goods, although he does not always trade to them items they want or need.', 1, 0, 1, 12, '1905-08-12 09:42:57'),
(106, 'finds himself in a bar that hosts chicken-fighting matches. A big, weeping Dominican man is sitting next to him, ', 0, 0, 0, 24, '1969-12-08 07:26:38'),
(107, 'crying over the death of his slain rooster. The next time we see Archer, he is covered in dirt and carrying a shovel, ', 1, 1, 1, 25, '1965-12-24 00:24:18'),
(108, 'conceived and so dedicated, can long endure. We are met on a great battle-field of that war.', 1, 0, 1, 4, '1904-08-26 11:43:08'),
(109, 'alone, while his mother assisted in overthrowing the government of Guatemala (in reality the CIA ', 2, 0, 0, 24, '1986-10-01 20:53:23'),
(110, 'Archer is first and foremost completely focused on himself, his needs and desires. If he aids another person, it ', 0, 0, 1, 6, '1976-03-24 08:15:41'),
(111, 'he establishes a friendship with a fellow cancer patient, Ruth. Another example of this is in Honeypot when Archer ', 0, 1, 1, 2, '1988-05-23 13:53:02'),
(112, 'even more heart warming in hindsight after the second season reveal that alligators are one of Archer''s three biggest ', 2, 0, 0, 20, '1977-05-05 02:16:28'),
(113, '', 1, 1, 1, 13, '1962-02-12 09:54:49'),
(114, 'alone, while his mother assisted in overthrowing the government of Guatemala (in reality the CIA ', 1, 1, 1, 9, '1941-07-23 08:33:21'),
(115, 'for the Johns Hopkins lacrosse team, as well as being stalked and subsequently shot by a mysterious woman, Ruth ', 2, 1, 1, 10, '1960-06-23 23:32:11'),
(116, 'Kane, which makes their working environment tenuous and difficult. At home, he employs an aging valet, Woodhouse ', 2, 1, 1, 30, '1956-10-10 21:14:42'),
(117, 'decorated Navy pilot, John Fitzgerald Archer. It was revealed in Dial M for Mother that his father ', 0, 1, 1, 21, '1918-08-10 18:47:57'),
(118, 'and mentions that he spent all night helping a giant Domnican guy bury his rooster in the everglades, This becomes ', 2, 1, 1, 13, '1957-07-31 18:40:34'),
(119, 'he establishes a friendship with a fellow cancer patient, Ruth. Another example of this is in Honeypot when Archer ', 1, 1, 1, 5, '1992-05-30 10:40:41'),
(120, 'and "three pounds of glass" in his feet. When he was finally cornered in an elevator, he blindfolded himself and fu', 0, 0, 0, 3, '1901-02-25 04:05:32'),
(121, 'and "three pounds of glass" in his feet. When he was finally cornered in an elevator, he blindfolded himself and fu', 2, 0, 0, 2, '1966-07-16 21:15:11'),
(122, 'may be KGB head Major Nikolai Jakov, ODIN director Len Trexler, or jazz drummer Buddy Rich. Later ', 2, 0, 1, 12, '1968-01-09 22:58:09'),
(123, 'decorated Navy pilot, John Fitzgerald Archer. It was revealed in Dial M for Mother that his father ', 2, 1, 1, 3, '1932-01-30 05:22:00'),
(124, 'Cheryl bunches of roses and later stating to Lana Kane that he still loves her (also in the season 4 finale he gives', 2, 1, 0, 18, '2004-11-23 13:41:52'),
(125, 'finds himself in a bar that hosts chicken-fighting matches. A big, weeping Dominican man is sitting next to him, ', 2, 0, 1, 14, '1938-08-04 16:31:08'),
(126, ' child, going so far as to have "Seamus" tattooed on his back in recognition of that affection.  Additionally, ', 2, 0, 1, 12, '1942-12-17 08:22:32'),
(127, 'he establishes a friendship with a fellow cancer patient, Ruth. Another example of this is in Honeypot when Archer ', 0, 0, 0, 19, '1972-04-12 07:44:38'),
(128, 'the last full measure of devotion  that we here highly resolve that these dead shall not ', 0, 0, 0, 5, '1900-01-11 12:27:32'),
(129, 'decorated Navy pilot, John Fitzgerald Archer. It was revealed in Dial M for Mother that his father ', 0, 1, 1, 18, '1943-12-27 18:13:23'),
(130, 'here, but it can never forget what they did here. It is for us the living, rather, to be ', 2, 1, 1, 22, '1947-01-23 08:01:20'),
(131, 'and sometimes bluntly abusive. It is implied that Archer was exposed to "negative reinforcement" when ', 1, 0, 1, 1, '1964-06-12 20:22:52'),
(132, 'anyone who crosses him (or even sometimes merely crosses his path), he is also undeniably an intuitively good operat', 2, 1, 0, 1, '2000-03-21 09:22:50'),
(133, 'But, in a larger sense, we can not dedicate we can not consecrate we can not hallow this ', 2, 0, 0, 4, '1968-06-28 10:13:02'),
(134, 'alone, while his mother assisted in overthrowing the government of Guatemala (in reality the CIA ', 1, 1, 0, 10, '1988-09-26 15:48:58'),
(135, 'alone, while his mother assisted in overthrowing the government of Guatemala (in reality the CIA ', 1, 0, 1, 23, '1926-11-25 23:37:16'),
(136, 'It is revealed in Fugue and Riffs that for a short period of time, he assumed the identity of Bob Belcher from the show Bob''s Burgers. The reason for this sudden life-change is that he entered a fugue state (stress-induced amnesia) following Malory''s wedd', 0, 1, 0, 5, '1911-07-19 06:10:12'),
(137, 'Archer is first and foremost completely focused on himself, his needs and desires. If he aids another person, it ', 2, 1, 0, 19, '1990-05-11 13:25:20'),
(138, 'equipment or goods, although he does not always trade to them items they want or need.', 1, 1, 0, 4, '1989-06-08 12:02:18'),
(139, 'lly intended his last words to be "F*** you, you douchebags."', 1, 0, 0, 30, '1938-02-25 13:55:26'),
(140, 'unknown major. Woodhouse is present, also implying he is a better parent to Sterling than Malory who was not present. ', 0, 1, 1, 6, '1903-10-14 06:19:51'),
(141, 'According to the episode, "Once Bitten" Sterling Archer was age six and celebrated his birthday ', 0, 1, 1, 10, '1933-09-27 23:40:20'),
(142, 'he was growing up by Malory in The Double Deuce (Malory denies Seamus a toy, saying, "Did somebody trick ', 0, 1, 0, 5, '1986-03-08 03:56:16'),
(143, 'and sometimes bluntly abusive. It is implied that Archer was exposed to "negative reinforcement" when ', 1, 1, 1, 15, '1980-10-01 09:12:32'),
(144, 'conceived and so dedicated, can long endure. We are met on a great battle-field of that war.', 1, 1, 1, 10, '1900-10-06 15:15:21'),
(145, 'He spent up to fifteen years at boarding school, despite American schooling taking thirteen years. His hobby was ', 2, 0, 1, 21, '1911-11-13 12:33:30'),
(146, '', 1, 1, 0, 19, '2001-12-06 09:19:29'),
(147, 'crying over the death of his slain rooster. The next time we see Archer, he is covered in dirt and carrying a shovel, ', 0, 1, 0, 3, '1961-10-26 21:11:57'),
(148, 'Anne Litzenberger. Sterling''s memories culminate in remembering his sixth birthday when his real father gave him ', 2, 1, 0, 26, '1947-12-23 07:19:17'),
(149, 'have died in vain that this nation, under God, shall have a new birth of freedom and that ', 1, 1, 0, 24, '1968-05-24 15:16:18'),
(150, 'government of the people, by the people, for the people, shall not perish from the earth.', 1, 0, 1, 18, '1922-12-22 07:09:54'),
(151, 'decorated Navy pilot, John Fitzgerald Archer. It was revealed in Dial M for Mother that his father ', 1, 0, 1, 28, '1910-04-22 18:45:57'),
(152, 'ground. The brave men, living and dead, who struggled here, have consecrated it, far above ', 2, 0, 0, 24, '2008-09-08 03:58:51'),
(153, 'finds himself in a bar that hosts chicken-fighting matches. A big, weeping Dominican man is sitting next to him, ', 0, 1, 0, 21, '1995-06-21 17:26:54'),
(154, 'He spent up to fifteen years at boarding school, despite American schooling taking thirteen years. His hobby was ', 2, 1, 0, 19, '1948-11-13 23:10:23'),
(155, 'equipment or goods, although he does not always trade to them items they want or need.', 0, 1, 0, 16, '2011-08-29 02:16:13'),
(156, 'Kane, which makes their working environment tenuous and difficult. At home, he employs an aging valet, Woodhouse ', 2, 1, 1, 24, '1993-05-01 22:51:30'),
(157, 'Anne Litzenberger. Sterling''s memories culminate in remembering his sixth birthday when his real father gave him ', 2, 1, 1, 4, '1941-07-26 01:00:43'),
(158, 'In the Season 4 episode, Once Bitten, Sterling revisits his past led by a cut-rate James Mason, as his spirit ', 0, 1, 1, 5, '1918-07-19 14:24:24'),
(159, 'lly intended his last words to be "F*** you, you douchebags."', 2, 1, 1, 27, '1914-06-24 20:54:35'),
(160, 'Archer is first and foremost completely focused on himself, his needs and desires. If he aids another person, it ', 1, 1, 1, 19, '1909-01-15 17:50:36'),
(161, 'we should do this.', 2, 0, 0, 19, '1969-11-09 05:01:07'),
(162, 'here gave their lives that that nation might live. It is altogether fitting and proper that ', 1, 1, 0, 24, '2000-07-18 08:51:35'),
(163, 'conceived in Liberty, and dedicated to the proposition that all men are created equal.', 0, 1, 1, 30, '1910-04-03 13:03:34'),
(164, 'As a result of this long classical education and friendlessness, Archer is surprisingly well-read.', 1, 0, 1, 21, '1903-02-26 02:10:59'),
(165, 'seaplane, bandaging his head and giving him CPR', 0, 0, 0, 2, '2001-08-30 09:29:59'),
(166, 'Now we are engaged in a great civil war, testing whether that nation, or any nation so ', 1, 1, 0, 9, '1920-02-29 20:03:23'),
(167, 'even more heart warming in hindsight after the second season reveal that alligators are one of Archer''s three biggest ', 2, 0, 1, 17, '1914-11-12 21:37:05'),
(168, 'for the Johns Hopkins lacrosse team, as well as being stalked and subsequently shot by a mysterious woman, Ruth ', 0, 1, 0, 29, '1974-07-12 18:34:37'),
(169, 'may be KGB head Major Nikolai Jakov, ODIN director Len Trexler, or jazz drummer Buddy Rich. Later ', 2, 0, 0, 2, '2002-01-17 02:18:20'),
(170, 'with the wee baby Seamus over the course of the episode as he considers him the closest that he will ever get to having a', 2, 1, 0, 10, '2003-02-10 00:38:42'),
(171, 'and "three pounds of glass" in his feet. When he was finally cornered in an elevator, he blindfolded himself and fu', 0, 0, 0, 7, '1983-11-29 16:20:57'),
(172, 'In the Season 4 episode, Once Bitten, Sterling revisits his past led by a cut-rate James Mason, as his spirit ', 0, 1, 1, 11, '1918-02-09 04:16:14'),
(173, 'equipment or goods, although he does not always trade to them items they want or need.', 1, 0, 1, 9, '1989-09-29 12:57:00'),
(174, 'our poor power to add or detract. The world will little note, nor long remember what we say ', 1, 0, 0, 10, '1964-06-05 02:59:30'),
(175, 'though Malory Archer denies this) and used to have an on-again, off-again relationship with fellow agent Lana ', 0, 1, 0, 29, '1986-11-26 19:13:38'),
(176, 'seaplane, bandaging his head and giving him CPR', 1, 0, 0, 2, '1955-01-30 07:08:57'),
(177, 'He spent up to fifteen years at boarding school, despite American schooling taking thirteen years. His hobby was ', 1, 0, 1, 19, '1997-08-24 17:27:14'),
(178, 'anyone who crosses him (or even sometimes merely crosses his path), he is also undeniably an intuitively good operat', 2, 1, 0, 25, '1966-04-11 18:46:26'),
(179, 'In the Season 4 episode, Once Bitten, Sterling revisits his past led by a cut-rate James Mason, as his spirit ', 2, 0, 0, 21, '1910-07-17 04:46:49'),
(180, 'unknown major. Woodhouse is present, also implying he is a better parent to Sterling than Malory who was not present. ', 1, 0, 0, 21, '2013-01-14 08:49:51'),
(181, 'alone, while his mother assisted in overthrowing the government of Guatemala (in reality the CIA ', 2, 1, 1, 27, '1983-10-07 02:11:18'),
(182, 'Archer is first and foremost completely focused on himself, his needs and desires. If he aids another person, it ', 0, 0, 0, 23, '1986-06-14 01:34:28'),
(183, 'a stuffed alligator.  He, unfortunately, awakens before remembering his father''s face.', 1, 1, 1, 16, '1999-05-27 07:26:00'),
(184, 'added to the list of possible fathers was an unnamed young Italian man who was gunned down in the ', 2, 1, 0, 9, '1917-12-03 02:45:41'),
(185, ' Lana the last set of scuba gear and tells her he loves her before drowning to be rescucitated). Archer also bonds ', 0, 0, 0, 22, '1918-12-05 18:43:07'),
(186, 'crying over the death of his slain rooster. The next time we see Archer, he is covered in dirt and carrying a shovel, ', 0, 0, 1, 16, '1985-07-28 00:28:31'),
(187, 'advanced. It is rather for us to be here dedicated to the great task remaining before us ', 1, 0, 1, 30, '1942-06-14 03:51:13'),
(188, 'for the Johns Hopkins lacrosse team, as well as being stalked and subsequently shot by a mysterious woman, Ruth ', 0, 0, 1, 26, '1932-04-19 15:18:28'),
(189, 'overthrew Guatemala''s government in 1954, making his birth year around 1948). He is a member of spy ', 1, 0, 1, 29, '1938-02-02 13:38:55'),
(190, 'ive with a fairly high degree of personal bravery, as shown during his escape from Moscow when he consistently ou', 0, 1, 0, 30, '1968-04-12 20:39:04'),
(191, 'you, hmm? See, that''s how the world works dear, and I''m the only one you can trust.") making Archer ', 2, 0, 0, 23, '1932-08-06 02:17:32'),
(192, 'and mentions that he spent all night helping a giant Domnican guy bury his rooster in the everglades, This becomes ', 2, 1, 1, 8, '1943-08-22 21:51:02'),
(193, 'Cheryl bunches of roses and later stating to Lana Kane that he still loves her (also in the season 4 finale he gives', 0, 1, 1, 1, '1989-10-14 09:27:49'),
(194, 'we should do this.', 0, 0, 1, 6, '1938-05-26 18:57:48'),
(195, 'Archer is not completely devoid of a sensitive side however, as seen in Stage Two, when he believes that he may di', 2, 0, 0, 18, '1980-06-02 02:55:46'),
(196, 'graduating from Georgetown University, implying he is at least smart enough to receive a bachelors degree in an ', 0, 1, 0, 7, '1903-08-22 21:52:47'),
(197, 'streets of Italy and had "blue eyes, full lips and thick wavy hair".[1]', 1, 0, 1, 2, '2001-07-29 12:22:29'),
(198, 'agency "ISIS," located in New York City. ', 2, 0, 0, 22, '1974-03-31 10:33:10'),
(199, 'Although he has numerous personality flaws, such as insensitivity, egotism, and a casual attitude towards murdering ', 2, 0, 1, 21, '1970-01-18 21:13:05'),
(200, 'and mentions that he spent all night helping a giant Domnican guy bury his rooster in the everglades, This becomes ', 0, 0, 0, 26, '1935-05-08 09:05:13'),
(201, 'with the wee baby Seamus over the course of the episode as he considers him the closest that he will ever get to having a', 1, 0, 1, 29, '1996-01-02 07:09:44'),
(202, ' Lana the last set of scuba gear and tells her he loves her before drowning to be rescucitated). Archer also bonds ', 2, 1, 0, 10, '1971-10-02 22:26:08'),
(203, 'conceived and so dedicated, can long endure. We are met on a great battle-field of that war.', 2, 0, 0, 7, '2004-11-07 06:13:38'),
(204, 'over-dependent on his mother. Archer believed for most of his life that his father was a deceased, ', 2, 1, 0, 14, '1995-01-02 04:27:35'),
(205, 'may be KGB head Major Nikolai Jakov, ODIN director Len Trexler, or jazz drummer Buddy Rich. Later ', 1, 1, 0, 28, '1930-11-26 15:01:11'),
(206, 'here gave their lives that that nation might live. It is altogether fitting and proper that ', 2, 1, 0, 24, '1960-02-09 14:05:41'),
(207, 'you, hmm? See, that''s how the world works dear, and I''m the only one you can trust.") making Archer ', 1, 0, 1, 12, '1911-12-26 13:59:08'),
(208, 'dedicated here to the unfinished work which they who fought here have thus far so nobly ', 2, 1, 0, 12, '1993-04-17 08:22:32'),
(209, 'who contributed greatly to Archer''s parenting. Archer is voiced by H. Jon Benjamin.', 1, 1, 1, 11, '1942-08-02 22:23:50'),
(210, 'seaplane, bandaging his head and giving him CPR', 2, 1, 1, 4, '1972-02-04 05:04:29'),
(211, 'ive with a fairly high degree of personal bravery, as shown during his escape from Moscow when he consistently ou', 2, 1, 0, 17, '1941-06-27 11:49:33'),
(212, 'ive with a fairly high degree of personal bravery, as shown during his escape from Moscow when he consistently ou', 0, 0, 1, 20, '1923-09-08 15:41:42'),
(213, 'added to the list of possible fathers was an unnamed young Italian man who was gunned down in the ', 0, 0, 1, 29, '1974-02-06 20:50:46'),
(214, 'alone, while his mother assisted in overthrowing the government of Guatemala (in reality the CIA ', 2, 0, 0, 8, '1921-07-02 01:34:33'),
(215, 'and sometimes bluntly abusive. It is implied that Archer was exposed to "negative reinforcement" when ', 2, 0, 1, 24, '1945-09-18 09:43:41'),
(216, 'and "three pounds of glass" in his feet. When he was finally cornered in an elevator, he blindfolded himself and fu', 1, 1, 0, 14, '1997-10-31 21:51:22'),
(217, 'he establishes a friendship with a fellow cancer patient, Ruth. Another example of this is in Honeypot when Archer ', 1, 1, 0, 3, '1919-06-21 13:51:40'),
(218, 'overthrew Guatemala''s government in 1954, making his birth year around 1948). He is a member of spy ', 2, 0, 1, 19, '1939-12-20 10:02:51'),
(219, 'Four score and seven years ago our fathers brought forth on this continent, a new nation, ', 1, 1, 0, 22, '1979-06-18 14:39:48'),
(220, 'that from these honored dead we take increased devotion to that cause for which they gave ', 0, 1, 1, 10, '1996-05-26 19:58:02'),
(221, 'Cheryl bunches of roses and later stating to Lana Kane that he still loves her (also in the season 4 finale he gives', 0, 1, 1, 23, '1944-08-14 14:43:32'),
(222, 'It is revealed in Fugue and Riffs that for a short period of time, he assumed the identity of Bob Belcher from the show Bob''s Burgers. The reason for this sudden life-change is that he entered a fugue state (stress-induced amnesia) following Malory''s wedd', 1, 1, 0, 19, '1929-04-06 17:46:51'),
(223, 'equipment or goods, although he does not always trade to them items they want or need.', 1, 1, 0, 27, '1945-11-24 23:56:18'),
(224, 'added to the list of possible fathers was an unnamed young Italian man who was gunned down in the ', 2, 0, 1, 7, '1984-01-22 12:54:07'),
(225, 'though Malory Archer denies this) and used to have an on-again, off-again relationship with fellow agent Lana ', 0, 0, 1, 14, '1967-03-22 11:21:17'),
(226, 'a stuffed alligator.  He, unfortunately, awakens before remembering his father''s face.', 0, 1, 0, 23, '1912-04-04 12:30:17'),
(227, 'ground. The brave men, living and dead, who struggled here, have consecrated it, far above ', 1, 1, 0, 28, '1984-08-27 09:32:15'),
(228, 'here, but it can never forget what they did here. It is for us the living, rather, to be ', 2, 0, 1, 14, '1900-08-17 16:23:32'),
(229, 'According to the episode, "Once Bitten" Sterling Archer was age six and celebrated his birthday ', 1, 1, 1, 23, '1991-10-02 18:08:22'),
(230, 'But, in a larger sense, we can not dedicate we can not consecrate we can not hallow this ', 2, 0, 0, 22, '1938-08-11 16:58:39'),
(231, 'advanced. It is rather for us to be here dedicated to the great task remaining before us ', 2, 1, 1, 18, '1905-09-13 13:28:07'),
(232, 'ive with a fairly high degree of personal bravery, as shown during his escape from Moscow when he consistently ou', 1, 1, 1, 11, '1950-12-10 05:07:18'),
(233, 'anyone who crosses him (or even sometimes merely crosses his path), he is also undeniably an intuitively good operat', 1, 0, 1, 26, '1942-09-29 22:47:22'),
(234, 'government of the people, by the people, for the people, shall not perish from the earth.', 2, 1, 0, 8, '1997-07-09 18:34:56'),
(235, 'and sometimes bluntly abusive. It is implied that Archer was exposed to "negative reinforcement" when ', 2, 0, 0, 25, '1930-11-05 18:06:19'),
(236, 'though Malory Archer denies this) and used to have an on-again, off-again relationship with fellow agent Lana ', 1, 0, 1, 21, '1983-12-10 17:49:13'),
(237, '', 0, 1, 1, 21, '1900-11-23 20:10:41'),
(238, 'guide. James shows Archer memories that Sterling had blocked out. These include a visit to Baltimore to try out', 1, 1, 1, 25, '1937-07-21 09:55:08'),
(239, 'though Malory Archer denies this) and used to have an on-again, off-again relationship with fellow agent Lana ', 2, 1, 1, 5, '1915-07-30 23:31:52'),
(240, 'As a result of this long classical education and friendlessness, Archer is surprisingly well-read.', 2, 0, 1, 3, '2009-10-08 13:21:27'),
(241, 'Archer has the less than masculine codename of "Duchess" (taken from his mother''s beloved Afghan wolfhound, ', 2, 0, 0, 8, '1950-06-12 13:11:08'),
(242, ' Lana the last set of scuba gear and tells her he loves her before drowning to be rescucitated). Archer also bonds ', 2, 0, 1, 30, '1958-12-20 20:23:58'),
(243, 'is always because he will somehow benefit. He does, however, insist upon compensating anyone from whom he commandeers ', 2, 0, 0, 13, '1991-08-07 19:52:59'),
(244, 'even more heart warming in hindsight after the second season reveal that alligators are one of Archer''s three biggest ', 1, 1, 0, 6, '1932-04-10 05:50:11'),
(245, 'even more heart warming in hindsight after the second season reveal that alligators are one of Archer''s three biggest ', 1, 1, 1, 8, '1977-01-25 04:32:31'),
(246, '', 1, 1, 0, 24, '1982-03-30 18:50:30'),
(247, 'He spent up to fifteen years at boarding school, despite American schooling taking thirteen years. His hobby was ', 1, 0, 1, 24, '1915-11-25 22:41:47'),
(248, 'agency "ISIS," located in New York City. ', 2, 0, 0, 13, '1967-02-18 22:41:11'),
(249, 'for the Johns Hopkins lacrosse team, as well as being stalked and subsequently shot by a mysterious woman, Ruth ', 0, 1, 1, 30, '1981-09-29 03:40:20'),
(250, 'Anne Litzenberger. Sterling''s memories culminate in remembering his sixth birthday when his real father gave him ', 2, 1, 0, 24, '1928-05-08 23:03:41'),
(251, 'advanced. It is rather for us to be here dedicated to the great task remaining before us ', 2, 1, 1, 8, '1953-08-11 03:14:48'),
(252, 'Four score and seven years ago our fathers brought forth on this continent, a new nation, ', 1, 1, 1, 27, '1936-02-27 05:45:33'),
(253, 'seaplane, bandaging his head and giving him CPR', 0, 1, 1, 20, '2005-11-19 00:32:23'),
(254, 'Archer has the less than masculine codename of "Duchess" (taken from his mother''s beloved Afghan wolfhound, ', 0, 1, 1, 30, '2006-02-20 08:28:03'),
(255, 'who contributed greatly to Archer''s parenting. Archer is voiced by H. Jon Benjamin.', 1, 1, 0, 5, '1901-12-06 01:53:41'),
(256, 'conceived in Liberty, and dedicated to the proposition that all men are created equal.', 0, 0, 0, 29, '1925-09-16 15:25:11'),
(257, 'anyone who crosses him (or even sometimes merely crosses his path), he is also undeniably an intuitively good operat', 0, 1, 0, 29, '2006-12-20 02:29:21'),
(258, 'our poor power to add or detract. The world will little note, nor long remember what we say ', 1, 0, 1, 18, '1988-12-07 23:39:21'),
(259, 'have died in vain that this nation, under God, shall have a new birth of freedom and that ', 1, 0, 1, 8, '1987-02-16 16:25:51'),
(260, 'though Malory Archer denies this) and used to have an on-again, off-again relationship with fellow agent Lana ', 2, 1, 1, 14, '1934-06-05 17:38:33'),
(261, 'our poor power to add or detract. The world will little note, nor long remember what we say ', 2, 1, 1, 2, '1910-11-25 14:05:26'),
(262, ' Lana the last set of scuba gear and tells her he loves her before drowning to be rescucitated). Archer also bonds ', 2, 1, 1, 15, '1968-06-04 09:00:08'),
(263, 'decorated Navy pilot, John Fitzgerald Archer. It was revealed in Dial M for Mother that his father ', 1, 0, 1, 1, '1902-08-11 01:24:59'),
(264, 'As a result of this long classical education and friendlessness, Archer is surprisingly well-read.', 0, 1, 1, 4, '1980-04-30 22:06:11'),
(265, 'advanced. It is rather for us to be here dedicated to the great task remaining before us ', 2, 0, 1, 17, '1954-02-23 07:59:03'),
(266, 'advanced. It is rather for us to be here dedicated to the great task remaining before us ', 2, 1, 0, 18, '1984-08-30 14:15:23'),
(267, 'overthrew Guatemala''s government in 1954, making his birth year around 1948). He is a member of spy ', 2, 1, 1, 6, '1946-03-21 02:31:49'),
(268, 'He spent up to fifteen years at boarding school, despite American schooling taking thirteen years. His hobby was ', 2, 1, 1, 12, '1988-11-04 19:16:26'),
(269, '', 0, 0, 1, 9, '1958-08-04 06:43:20'),
(270, ' We have come to dedicate a portion of that field, as a final resting place for those who ', 2, 0, 0, 2, '2002-06-14 23:08:10'),
(271, 'Archer has the less than masculine codename of "Duchess" (taken from his mother''s beloved Afghan wolfhound, ', 1, 1, 0, 23, '1959-05-12 17:54:38'),
(272, 'Archer is first and foremost completely focused on himself, his needs and desires. If he aids another person, it ', 0, 0, 1, 8, '1914-01-23 04:31:00'),
(273, 'Cheryl bunches of roses and later stating to Lana Kane that he still loves her (also in the season 4 finale he gives', 2, 0, 0, 28, '1913-12-27 11:36:54'),
(274, 'In the Season 4 episode, Once Bitten, Sterling revisits his past led by a cut-rate James Mason, as his spirit ', 2, 1, 0, 6, '2007-11-10 08:55:13'),
(275, 'He spent up to fifteen years at boarding school, despite American schooling taking thirteen years. His hobby was ', 2, 1, 1, 5, '1912-12-30 18:29:56'),
(276, 'Now we are engaged in a great civil war, testing whether that nation, or any nation so ', 0, 1, 1, 30, '1980-02-27 17:10:34'),
(277, 'As a result of this long classical education and friendlessness, Archer is surprisingly well-read.', 0, 0, 0, 10, '1945-07-03 18:34:21'),
(278, 'lly intended his last words to be "F*** you, you douchebags."', 2, 1, 0, 7, '1998-09-19 05:02:36'),
(279, 'with the wee baby Seamus over the course of the episode as he considers him the closest that he will ever get to having a', 2, 1, 1, 27, '1991-10-18 07:23:07'),
(280, 'even more heart warming in hindsight after the second season reveal that alligators are one of Archer''s three biggest ', 2, 0, 1, 16, '1912-01-29 02:40:28'),
(281, 'Cheryl bunches of roses and later stating to Lana Kane that he still loves her (also in the season 4 finale he gives', 2, 1, 1, 24, '2005-08-01 00:56:58'),
(282, 'the last full measure of devotion  that we here highly resolve that these dead shall not ', 1, 0, 1, 30, '1982-03-14 22:41:20'),
(283, 'our poor power to add or detract. The world will little note, nor long remember what we say ', 1, 0, 0, 9, '1950-04-06 22:09:00'),
(284, 'and "three pounds of glass" in his feet. When he was finally cornered in an elevator, he blindfolded himself and fu', 1, 0, 1, 19, '1982-09-18 01:36:19'),
(285, 'As a result of this long classical education and friendlessness, Archer is surprisingly well-read.', 1, 1, 0, 28, '1968-09-13 03:23:17'),
(286, 'alone, while his mother assisted in overthrowing the government of Guatemala (in reality the CIA ', 1, 1, 1, 10, '1979-06-19 07:22:59'),
(287, 'agency "ISIS," located in New York City. ', 2, 1, 0, 23, '2002-09-06 08:12:32'),
(288, 'guide. James shows Archer memories that Sterling had blocked out. These include a visit to Baltimore to try out', 0, 1, 1, 3, '1918-06-17 17:49:32'),
(289, 'seaplane, bandaging his head and giving him CPR', 0, 0, 1, 23, '1902-11-02 10:39:48'),
(290, 'Archer is not completely devoid of a sensitive side however, as seen in Stage Two, when he believes that he may di', 0, 1, 0, 4, '1924-04-02 02:35:20'),
(291, 'that from these honored dead we take increased devotion to that cause for which they gave ', 0, 1, 1, 7, '1967-03-09 19:09:21'),
(292, 'graduating from Georgetown University, implying he is at least smart enough to receive a bachelors degree in an ', 1, 0, 1, 17, '1960-07-12 21:33:08'),
(293, 'ground. The brave men, living and dead, who struggled here, have consecrated it, far above ', 0, 1, 1, 2, '1952-03-05 23:31:30'),
(294, 'with the wee baby Seamus over the course of the episode as he considers him the closest that he will ever get to having a', 1, 1, 1, 19, '1907-11-10 16:17:56'),
(295, 'he was growing up by Malory in The Double Deuce (Malory denies Seamus a toy, saying, "Did somebody trick ', 2, 0, 1, 29, '1943-08-28 00:06:30'),
(296, 'conceived in Liberty, and dedicated to the proposition that all men are created equal.', 1, 1, 1, 6, '2010-10-26 15:27:12'),
(297, 'crying over the death of his slain rooster. The next time we see Archer, he is covered in dirt and carrying a shovel, ', 0, 1, 1, 4, '1944-03-05 05:32:34'),
(298, ' child, going so far as to have "Seamus" tattooed on his back in recognition of that affection.  Additionally, ', 0, 0, 1, 1, '1978-10-16 22:37:49'),
(299, 'lacrosse, although flashbacks have indicated he had few friends. A picture of Archer in Placebo Effect shows Archer ', 1, 1, 0, 20, '1924-04-16 18:02:56'),
(300, 'But, in a larger sense, we can not dedicate we can not consecrate we can not hallow this ', 0, 1, 0, 6, '1915-09-24 19:44:34'),
(301, 'According to the episode, "Once Bitten" Sterling Archer was age six and celebrated his birthday ', 2, 1, 0, 20, '1964-12-09 12:56:57'),
(302, 'Anne Litzenberger. Sterling''s memories culminate in remembering his sixth birthday when his real father gave him ', 0, 1, 0, 10, '1949-07-02 02:25:05'),
(303, 'the last full measure of devotion  that we here highly resolve that these dead shall not ', 0, 1, 1, 29, '1920-03-12 03:10:14'),
(304, 'Anne Litzenberger. Sterling''s memories culminate in remembering his sixth birthday when his real father gave him ', 1, 0, 0, 4, '1983-04-06 00:16:29'),
(305, 'twitted and outfought the numerous soldiers dispatched to recapture him despite never having a functional firearm ', 0, 1, 0, 7, '1980-06-06 03:28:59'),
(306, 'twitted and outfought the numerous soldiers dispatched to recapture him despite never having a functional firearm ', 2, 1, 1, 21, '2001-10-20 22:48:30'),
(307, 'may be KGB head Major Nikolai Jakov, ODIN director Len Trexler, or jazz drummer Buddy Rich. Later ', 0, 0, 0, 30, '1925-05-07 09:13:13'),
(308, 'seaplane, bandaging his head and giving him CPR', 1, 1, 1, 1, '1923-11-17 03:38:11'),
(309, 'may be KGB head Major Nikolai Jakov, ODIN director Len Trexler, or jazz drummer Buddy Rich. Later ', 0, 1, 0, 28, '1973-08-13 20:14:06'),
(310, 'who contributed greatly to Archer''s parenting. Archer is voiced by H. Jon Benjamin.', 0, 1, 1, 22, '1942-04-24 19:51:10'),
(311, 'twitted and outfought the numerous soldiers dispatched to recapture him despite never having a functional firearm ', 1, 1, 1, 21, '1944-03-27 08:50:30'),
(312, 'According to the episode, "Once Bitten" Sterling Archer was age six and celebrated his birthday ', 0, 0, 1, 11, '1947-03-09 19:14:32'),
(313, 'In the Season 4 episode, Once Bitten, Sterling revisits his past led by a cut-rate James Mason, as his spirit ', 1, 0, 1, 6, '1919-02-02 06:29:20'),
(314, 'we should do this.', 2, 1, 1, 18, '1935-01-30 04:06:08'),
(315, 'guide. James shows Archer memories that Sterling had blocked out. These include a visit to Baltimore to try out', 1, 0, 0, 26, '1969-12-22 15:55:14'),
(316, 'His relation with his mother Malory—who is also his boss at ISIS—is often strained, never sympathetic, ', 2, 1, 1, 23, '1943-02-19 00:25:38'),
(317, 'may be KGB head Major Nikolai Jakov, ODIN director Len Trexler, or jazz drummer Buddy Rich. Later ', 2, 0, 1, 6, '1934-05-06 19:34:03'),
(318, 'As a result of this long classical education and friendlessness, Archer is surprisingly well-read.', 1, 0, 0, 2, '1997-05-03 17:11:59'),
(319, 'a stuffed alligator.  He, unfortunately, awakens before remembering his father''s face.', 2, 0, 0, 2, '1912-12-20 06:55:37'),
(320, 'here, but it can never forget what they did here. It is for us the living, rather, to be ', 0, 1, 1, 17, '1914-04-08 20:32:30'),
(321, 'we should do this.', 1, 0, 1, 10, '1929-04-09 03:40:28'),
(322, 'decorated Navy pilot, John Fitzgerald Archer. It was revealed in Dial M for Mother that his father ', 1, 1, 1, 28, '1954-08-28 07:28:31'),
(323, 'In the Season 4 episode, Once Bitten, Sterling revisits his past led by a cut-rate James Mason, as his spirit ', 1, 1, 1, 17, '1932-06-13 01:15:36'),
(324, 'lacrosse, although flashbacks have indicated he had few friends. A picture of Archer in Placebo Effect shows Archer ', 1, 0, 1, 10, '1962-09-14 12:02:37'),
(325, 'In the Season 4 episode, Once Bitten, Sterling revisits his past led by a cut-rate James Mason, as his spirit ', 1, 0, 1, 7, '1997-09-29 09:44:23'),
(326, 'unknown major. Woodhouse is present, also implying he is a better parent to Sterling than Malory who was not present. ', 2, 1, 1, 25, '1968-08-16 08:32:21'),
(327, 'streets of Italy and had "blue eyes, full lips and thick wavy hair".[1]', 1, 1, 1, 17, '1926-11-26 12:35:28'),
(328, 'overthrew Guatemala''s government in 1954, making his birth year around 1948). He is a member of spy ', 2, 1, 1, 23, '1944-11-20 00:35:38'),
(329, 'overthrew Guatemala''s government in 1954, making his birth year around 1948). He is a member of spy ', 2, 0, 0, 25, '1968-02-28 22:15:45'),
(330, 'Kane, which makes their working environment tenuous and difficult. At home, he employs an aging valet, Woodhouse ', 0, 0, 0, 14, '1940-09-12 20:52:33'),
(331, 'guide. James shows Archer memories that Sterling had blocked out. These include a visit to Baltimore to try out', 1, 1, 0, 26, '1992-11-05 15:12:29'),
(332, 'Cheryl bunches of roses and later stating to Lana Kane that he still loves her (also in the season 4 finale he gives', 2, 0, 0, 30, '1925-01-24 18:08:55'),
(333, 'and mentions that he spent all night helping a giant Domnican guy bury his rooster in the everglades, This becomes ', 1, 1, 1, 30, '1922-04-07 17:09:19'),
(334, 'But, in a larger sense, we can not dedicate we can not consecrate we can not hallow this ', 2, 0, 1, 22, '1940-12-06 04:26:13'),
(335, 'unknown major. Woodhouse is present, also implying he is a better parent to Sterling than Malory who was not present. ', 2, 1, 1, 24, '1929-05-22 21:21:31'),
(336, 'lly intended his last words to be "F*** you, you douchebags."', 2, 0, 0, 8, '1957-04-13 07:03:14'),
(337, 'and "three pounds of glass" in his feet. When he was finally cornered in an elevator, he blindfolded himself and fu', 2, 0, 0, 8, '1985-12-27 10:35:11'),
(338, 'It is revealed in Fugue and Riffs that for a short period of time, he assumed the identity of Bob Belcher from the show Bob''s Burgers. The reason for this sudden life-change is that he entered a fugue state (stress-induced amnesia) following Malory''s wedd', 2, 1, 1, 23, '1965-03-19 06:14:10'),
(339, 'advanced. It is rather for us to be here dedicated to the great task remaining before us ', 2, 0, 1, 12, '1937-04-25 05:35:37'),
(340, 'decorated Navy pilot, John Fitzgerald Archer. It was revealed in Dial M for Mother that his father ', 0, 0, 1, 14, '1987-07-07 03:08:21'),
(341, 'we should do this.', 2, 0, 0, 2, '1957-09-14 02:49:34'),
(342, 'he establishes a friendship with a fellow cancer patient, Ruth. Another example of this is in Honeypot when Archer ', 1, 0, 1, 20, '1925-10-16 14:56:31'),
(343, 'Archer is first and foremost completely focused on himself, his needs and desires. If he aids another person, it ', 2, 1, 0, 1, '1911-08-09 12:06:45'),
(344, 'is always because he will somehow benefit. He does, however, insist upon compensating anyone from whom he commandeers ', 2, 1, 1, 24, '1989-01-29 21:48:40'),
(345, 'our poor power to add or detract. The world will little note, nor long remember what we say ', 0, 1, 0, 4, '1904-10-26 09:05:18'),
(346, 'alone, while his mother assisted in overthrowing the government of Guatemala (in reality the CIA ', 2, 1, 0, 5, '1988-02-06 22:28:22'),
(347, 'that from these honored dead we take increased devotion to that cause for which they gave ', 1, 0, 1, 6, '1928-06-24 13:06:18'),
(348, 'here, but it can never forget what they did here. It is for us the living, rather, to be ', 2, 1, 0, 24, '1992-01-10 07:08:49');
INSERT INTO `notification` (`notification_id`, `notification_body`, `notification_priority`, `notification_read`, `notification_type`, `notification_subject_id`, `notification_date`) VALUES
(349, 'As a result of this long classical education and friendlessness, Archer is surprisingly well-read.', 1, 1, 1, 8, '1919-04-10 09:22:29'),
(350, 'the last full measure of devotion  that we here highly resolve that these dead shall not ', 0, 0, 0, 28, '2009-12-14 04:35:20'),
(351, 'You''ve been requested to join Internet Traffic Analyst', 1, 0, 0, 7, '2014-02-02 13:46:13'),
(352, 'You''ve been requested to join Contact Lens Flashing Puncher', 1, 0, 0, 97, '2014-02-02 14:05:41'),
(353, 'You''ve been requested to join Contact Lens Flashing Puncher', 1, 0, 0, 97, '2014-02-02 14:05:59');

-- --------------------------------------------------------

--
-- Table structure for table `project`
--

CREATE TABLE IF NOT EXISTS `project` (
  `project_id` int(20) NOT NULL AUTO_INCREMENT,
  `project_name` varchar(100) DEFAULT NULL,
  `project_description` varchar(255) DEFAULT NULL,
  `project_time_alloted` datetime DEFAULT NULL,
  `project_created_date` datetime DEFAULT NULL,
  `project_manager_id` int(20) DEFAULT NULL,
  `project_salary` double DEFAULT NULL,
  `project_state` int(1) DEFAULT NULL,
  PRIMARY KEY (`project_id`),
  KEY `project_manager_id` (`project_manager_id`)
) ENGINE=InnoDB  DEFAULT CHARSET=latin1 AUTO_INCREMENT=101 ;

--
-- Dumping data for table `project`
--

INSERT INTO `project` (`project_id`, `project_name`, `project_description`, `project_time_alloted`, `project_created_date`, `project_manager_id`, `project_salary`, `project_state`) VALUES
(1, 'Clerk Benefits', 'agency "ISIS," located in New York City. ', '2014-04-14 13:22:59', '2013-10-13 19:13:15', 13, 7244, 0),
(2, 'Chief Research Officer', 'But, in a larger sense, we can not dedicate we can not consecrate we can not hallow this ', '2014-04-06 02:07:53', '2013-10-23 05:30:32', 5, 178667, 1),
(3, 'Computer Systems Analysis Manager', 'government of the people, by the people, for the people, shall not perish from the earth.', '2014-03-25 19:04:16', '2013-10-17 01:22:02', 17, 192802, 0),
(4, 'Comparison Shopper', 'and sometimes bluntly abusive. It is implied that Archer was exposed to "negative reinforcement" when ', '2014-03-25 11:00:49', '2014-01-07 14:01:52', 11, 468666, 1),
(5, 'Photographer Scientific', 'It is revealed in Fugue and Riffs that for a short period of time, he assumed the identity of Bob Belcher from the show Bob''s Burgers. The reason for this sudden life-change is that he entered a fugue state (stress-induced amnesia) following Malory''s wedd', '2014-02-15 13:18:33', '2013-10-31 01:41:50', 20, 151147, 1),
(6, 'Radiation Therapist', 'Archer is first and foremost completely focused on himself, his needs and desires. If he aids another person, it ', '2014-01-31 05:20:18', '2013-12-15 17:00:45', 17, 290449, 1),
(7, 'Internet Traffic Analyst', 'fears. In Heart of Archness:Pt 1, he saved Rip Riley from being attacked by a shark by pulling him out his destroyed ', '2014-01-22 06:53:48', '2014-01-13 06:49:18', 1, 482110, 1),
(8, 'Operator Web Press', 'It is revealed in Fugue and Riffs that for a short period of time, he assumed the identity of Bob Belcher from the show Bob''s Burgers. The reason for this sudden life-change is that he entered a fugue state (stress-induced amnesia) following Malory''s wedd', '2014-02-05 18:41:55', '2013-12-15 13:34:29', 9, 152425, 1),
(9, 'Private Duty Companion', 'overthrew Guatemala''s government in 1954, making his birth year around 1948). He is a member of spy ', '2014-03-02 03:30:07', '2013-11-15 13:58:45', 15, 155333, 0),
(10, 'Environmental Technician', 'fears. In Heart of Archness:Pt 1, he saved Rip Riley from being attacked by a shark by pulling him out his destroyed ', '2014-01-28 12:32:47', '2013-11-16 11:41:43', 2, 7017, 0),
(11, 'Operator Plasma Centrifuge', 'that from these honored dead we take increased devotion to that cause for which they gave ', '2014-02-26 12:57:45', '2013-11-04 02:00:16', 10, 76108, 1),
(12, 'Internal Auditing Supervisor', 'ground. The brave men, living and dead, who struggled here, have consecrated it, far above ', '2014-04-02 07:41:48', '2013-10-13 20:00:28', 16, 406419, 0),
(13, 'Top Sales Government Executive', 'conceived in Liberty, and dedicated to the proposition that all men are created equal.', '2014-01-30 18:59:19', '2014-01-07 05:12:54', 11, 314882, 0),
(14, 'Representative Veterans', 'our poor power to add or detract. The world will little note, nor long remember what we say ', '2014-02-28 17:03:23', '2013-11-29 13:40:29', 3, 124094, 1),
(15, 'Assembler Metal Fabricator', 'he was growing up by Malory in The Double Deuce (Malory denies Seamus a toy, saying, "Did somebody trick ', '2014-03-09 09:28:36', '2013-11-13 13:17:17', 17, 440760, 1),
(16, 'Truck Driver Van', 'and sometimes bluntly abusive. It is implied that Archer was exposed to "negative reinforcement" when ', '2014-03-22 17:25:23', '2013-10-20 22:01:34', 5, 405297, 1),
(17, 'Teacher Museums', ' child, going so far as to have "Seamus" tattooed on his back in recognition of that affection.  Additionally, ', '2014-02-01 06:16:48', '2013-12-24 14:07:00', 16, 431693, 0),
(18, 'Banking Skip Tracer', 'As a result of this long classical education and friendlessness, Archer is surprisingly well-read.', '2014-02-18 05:22:38', '2013-11-04 02:29:52', 13, 60455, 0),
(19, 'Painter Rough Spray', 'Although he has numerous personality flaws, such as insensitivity, egotism, and a casual attitude towards murdering ', '2014-03-14 00:22:30', '2013-12-30 00:15:49', 5, 191953, 1),
(20, 'Plant Assistant Manager', 'anyone who crosses him (or even sometimes merely crosses his path), he is also undeniably an intuitively good operat', '2014-03-17 21:09:55', '2013-11-12 18:10:06', 6, 329336, 0),
(21, 'Clinical Psychologist', 'added to the list of possible fathers was an unnamed young Italian man who was gunned down in the ', '2014-03-19 13:22:52', '2014-01-15 04:25:25', 7, 89843, 1),
(22, 'Manager Banking Branch (Major Branch)', 'conceived and so dedicated, can long endure. We are met on a great battle-field of that war.', '2014-03-13 22:31:09', '2013-12-01 18:24:45', 9, 245632, 1),
(23, 'Engineer Electrical Test', 'Archer is first and foremost completely focused on himself, his needs and desires. If he aids another person, it ', '2014-01-30 16:51:30', '2013-12-02 10:48:36', 17, 192495, 1),
(24, 'Analyst Securities', 'equipment or goods, although he does not always trade to them items they want or need.', '2014-02-12 03:06:16', '2013-11-21 23:20:04', 14, 230139, 0),
(25, 'Plant Supervisor', 'But, in a larger sense, we can not dedicate we can not consecrate we can not hallow this ', '2014-03-17 08:11:50', '2013-12-07 19:02:49', 2, 264695, 1),
(26, 'Trust Operations Assistant', 'It is revealed in Fugue and Riffs that for a short period of time, he assumed the identity of Bob Belcher from the show Bob''s Burgers. The reason for this sudden life-change is that he entered a fugue state (stress-induced amnesia) following Malory''s wedd', '2014-02-17 09:12:57', '2013-11-13 22:13:32', 4, 280248, 1),
(27, 'Customs Analyst', 'ground. The brave men, living and dead, who struggled here, have consecrated it, far above ', '2014-02-02 07:45:48', '2014-01-04 02:31:53', 12, 178285, 0),
(28, 'Service Station Manager Automobile', 'he was growing up by Malory in The Double Deuce (Malory denies Seamus a toy, saying, "Did somebody trick ', '2014-03-14 12:57:25', '2013-11-28 19:49:34', 16, 68318, 1),
(29, 'Technician Welding', 'he was growing up by Malory in The Double Deuce (Malory denies Seamus a toy, saying, "Did somebody trick ', '2014-02-21 15:42:57', '2013-11-01 03:46:05', 2, 410310, 0),
(30, 'Planning Long-Range Director', 'According to the episode, "Once Bitten" Sterling Archer was age six and celebrated his birthday ', '2014-02-02 21:57:03', '2013-10-10 11:07:06', 8, 330586, 1),
(31, 'Hearing Impaired Teacher', 'finds himself in a bar that hosts chicken-fighting matches. A big, weeping Dominican man is sitting next to him, ', '2014-01-22 18:08:55', '2013-10-25 04:26:09', 1, 332102, 1),
(32, 'Top Research Officer', 'even more heart warming in hindsight after the second season reveal that alligators are one of Archer''s three biggest ', '2014-02-24 20:06:22', '2013-12-20 09:17:07', 12, 463116, 0),
(33, 'Cost Accountant', 'dedicated here to the unfinished work which they who fought here have thus far so nobly ', '2014-03-17 22:20:11', '2013-10-26 01:22:00', 16, 264452, 0),
(34, 'Foreman Print Shop', 'According to the episode, "Once Bitten" Sterling Archer was age six and celebrated his birthday ', '2014-02-14 12:39:53', '2013-11-05 09:48:10', 12, 369770, 0),
(35, 'Internal Medicine Physician', 'and "three pounds of glass" in his feet. When he was finally cornered in an elevator, he blindfolded himself and fu', '2014-02-21 23:27:44', '2013-12-25 02:43:58', 6, 390154, 0),
(36, 'Clergy Member Head', 'for the Johns Hopkins lacrosse team, as well as being stalked and subsequently shot by a mysterious woman, Ruth ', '2014-03-04 19:06:05', '2014-01-08 15:54:24', 19, 325722, 0),
(37, 'Molder Rubber', 'twitted and outfought the numerous soldiers dispatched to recapture him despite never having a functional firearm ', '2014-03-12 13:43:22', '2013-11-28 07:03:18', 3, 266244, 0),
(38, 'Inspector Mine', 'over-dependent on his mother. Archer believed for most of his life that his father was a deceased, ', '2014-03-31 07:00:59', '2013-10-31 18:23:05', 2, 485648, 1),
(39, 'Drafter Structural', 'overthrew Guatemala''s government in 1954, making his birth year around 1948). He is a member of spy ', '2014-04-02 16:40:19', '2013-10-24 20:37:13', 17, 468338, 0),
(40, 'Word Processor Operator', 'According to the episode, "Once Bitten" Sterling Archer was age six and celebrated his birthday ', '2014-04-01 04:24:01', '2013-12-31 17:17:54', 6, 147754, 0),
(41, 'Personnel Training Manager', 'alone, while his mother assisted in overthrowing the government of Guatemala (in reality the CIA ', '2014-04-09 14:33:19', '2014-01-06 06:05:23', 5, 95251, 1),
(42, 'Sewage Plant Operator', 'He spent up to fifteen years at boarding school, despite American schooling taking thirteen years. His hobby was ', '2014-01-22 14:04:23', '2013-12-13 04:18:55', 1, 111247, 0),
(43, 'Medical Polysomnographic Technician', 'graduating from Georgetown University, implying he is at least smart enough to receive a bachelors degree in an ', '2014-03-02 15:44:00', '2013-12-23 03:56:28', 11, 434867, 0),
(44, 'Cook Fast Food', 'may be KGB head Major Nikolai Jakov, ODIN director Len Trexler, or jazz drummer Buddy Rich. Later ', '2014-04-04 14:13:41', '2013-10-11 01:22:02', 18, 380151, 0),
(45, 'Hygienist Industrial', 'conceived and so dedicated, can long endure. We are met on a great battle-field of that war.', '2014-03-08 04:33:20', '2014-01-07 00:26:23', 2, 454565, 0),
(46, 'Ride Operator', 'agency "ISIS," located in New York City. ', '2014-03-02 14:18:25', '2014-01-03 07:48:08', 18, 146404, 1),
(47, 'Gutter Installer/Repairer', 'conceived in Liberty, and dedicated to the proposition that all men are created equal.', '2014-03-14 00:45:54', '2013-12-17 18:34:55', 18, 269684, 1),
(48, 'Branch Manager Banking (Minor Branch)', 'here, but it can never forget what they did here. It is for us the living, rather, to be ', '2014-02-01 17:25:40', '2013-11-26 17:36:00', 4, 430449, 1),
(49, 'Abstractor', 'As a result of this long classical education and friendlessness, Archer is surprisingly well-read.', '2014-02-02 23:09:32', '2014-01-16 05:22:57', 12, 371164, 0),
(50, 'Data Security Analyst', 'Although he has numerous personality flaws, such as insensitivity, egotism, and a casual attitude towards murdering ', '2014-02-10 18:46:10', '2013-11-28 04:03:26', 19, 87941, 0),
(51, 'Computer Programmer Engineer', 'But, in a larger sense, we can not dedicate we can not consecrate we can not hallow this ', '2014-02-09 12:18:47', '2013-12-09 23:29:13', 11, 482846, 1),
(52, 'Gambling Dealer', 'decorated Navy pilot, John Fitzgerald Archer. It was revealed in Dial M for Mother that his father ', '2014-03-18 23:10:42', '2013-12-10 01:07:14', 20, 438189, 1),
(53, 'Business Administration Manager', 'conceived and so dedicated, can long endure. We are met on a great battle-field of that war.', '2014-01-22 13:12:45', '2013-12-07 02:54:28', 3, 375608, 0),
(54, 'Operations Research Supervisor', ' child, going so far as to have "Seamus" tattooed on his back in recognition of that affection.  Additionally, ', '2014-02-17 06:19:20', '2013-12-24 11:45:20', 8, 374481, 0),
(55, 'Quality Control Engineer', 'overthrew Guatemala''s government in 1954, making his birth year around 1948). He is a member of spy ', '2014-03-05 00:04:29', '2013-10-22 01:09:55', 20, 291791, 1),
(56, 'Data Architect', 'he was growing up by Malory in The Double Deuce (Malory denies Seamus a toy, saying, "Did somebody trick ', '2014-03-24 07:27:23', '2013-10-20 17:53:38', 2, 128921, 0),
(57, 'Housekeeping Aide', 'finds himself in a bar that hosts chicken-fighting matches. A big, weeping Dominican man is sitting next to him, ', '2014-04-11 16:04:11', '2014-01-05 12:47:49', 7, 91856, 0),
(58, 'Bioinformatics Programmer Analyst', 'added to the list of possible fathers was an unnamed young Italian man who was gunned down in the ', '2014-03-31 07:47:47', '2014-01-05 07:04:42', 7, 316776, 1),
(59, 'Librarian', 'Anne Litzenberger. Sterling''s memories culminate in remembering his sixth birthday when his real father gave him ', '2014-02-24 01:27:31', '2013-12-01 09:34:01', 4, 364160, 0),
(60, 'Medical Director Admitting', 'and mentions that he spent all night helping a giant Domnican guy bury his rooster in the everglades, This becomes ', '2014-04-18 00:06:44', '2013-12-30 01:27:18', 2, 150069, 1),
(61, 'Professor Assistant', 'overthrew Guatemala''s government in 1954, making his birth year around 1948). He is a member of spy ', '2014-02-21 16:27:34', '2013-10-25 16:15:40', 6, 349768, 0),
(62, 'Manager National Sales (Experience)', 'with the wee baby Seamus over the course of the episode as he considers him the closest that he will ever get to having a', '2014-01-23 11:57:24', '2013-10-10 00:43:14', 10, 73145, 1),
(63, 'Instrument Mechanic', 'twitted and outfought the numerous soldiers dispatched to recapture him despite never having a functional firearm ', '2014-03-03 11:21:19', '2013-10-18 13:11:52', 2, 91607, 0),
(64, 'Tool Designer', 'is always because he will somehow benefit. He does, however, insist upon compensating anyone from whom he commandeers ', '2014-04-18 10:26:29', '2013-12-08 01:32:02', 18, 438602, 1),
(65, 'Illustrator Medical', 'for the Johns Hopkins lacrosse team, as well as being stalked and subsequently shot by a mysterious woman, Ruth ', '2014-04-01 13:30:09', '2013-10-11 01:00:22', 17, 97570, 1),
(66, 'Security Specialist Computer', 'Four score and seven years ago our fathers brought forth on this continent, a new nation, ', '2014-01-23 22:08:46', '2013-12-30 17:13:49', 7, 284395, 1),
(67, 'Electric Meter Installer', 'ive with a fairly high degree of personal bravery, as shown during his escape from Moscow when he consistently ou', '2014-03-25 14:29:41', '2013-12-31 05:21:16', 8, 442749, 1),
(68, 'Circulation Officer Top', 'Now we are engaged in a great civil war, testing whether that nation, or any nation so ', '2014-03-27 03:07:11', '2014-01-12 02:57:27', 1, 275285, 1),
(69, 'Assembler Product (Bench)', ' from breast cancer, he demonstrates considerable regret at his treatment of his co-workers at ISIS, buying Pam and ', '2014-02-18 12:15:06', '2013-12-01 18:36:09', 11, 472338, 0),
(70, 'Engineering Supervisor Administrative', 'Archer has the less than masculine codename of "Duchess" (taken from his mother''s beloved Afghan wolfhound, ', '2014-03-22 22:29:00', '2013-11-06 10:03:43', 10, 93324, 1),
(71, 'CEO', 'a stuffed alligator.  He, unfortunately, awakens before remembering his father''s face.', '2014-02-07 09:45:51', '2013-12-06 03:21:01', 6, 115200, 1),
(72, 'Administrative Engineering Director', 'Although he has numerous personality flaws, such as insensitivity, egotism, and a casual attitude towards murdering ', '2014-02-23 22:23:04', '2013-12-20 11:11:46', 16, 313962, 1),
(73, 'Hot Cell Technician', 'fears. In Heart of Archness:Pt 1, he saved Rip Riley from being attacked by a shark by pulling him out his destroyed ', '2014-01-18 20:07:57', '2013-11-13 07:02:15', 7, 68307, 1),
(74, 'Expediter', 'here, but it can never forget what they did here. It is for us the living, rather, to be ', '2014-03-15 02:29:34', '2013-12-12 15:42:51', 16, 386664, 0),
(75, 'Biomedical Engineering Director', 'Anne Litzenberger. Sterling''s memories culminate in remembering his sixth birthday when his real father gave him ', '2014-01-20 05:51:41', '2014-01-08 08:36:30', 11, 276341, 1),
(76, 'Nurse Emergency Room', 'In the Season 4 episode, Once Bitten, Sterling revisits his past led by a cut-rate James Mason, as his spirit ', '2014-02-18 16:19:45', '2013-10-29 02:56:10', 16, 13130, 0),
(77, 'Purchasing Manager', 'seaplane, bandaging his head and giving him CPR', '2014-04-09 18:39:15', '2013-11-16 01:19:06', 11, 497527, 1),
(78, 'Integrated Circuit Fabricator', 'His relation with his mother Malory—who is also his boss at ISIS—is often strained, never sympathetic, ', '2014-02-12 03:02:13', '2013-11-29 16:19:44', 5, 260083, 1),
(79, 'Engineer Sanitary', 'agency "ISIS," located in New York City. ', '2014-03-27 21:39:36', '2013-10-19 05:29:48', 4, 373262, 0),
(80, 'Van Driver', 'government of the people, by the people, for the people, shall not perish from the earth.', '2014-02-18 23:11:34', '2013-12-02 18:02:59', 6, 488771, 1),
(81, 'Actuary (Associate)', 'lly intended his last words to be "F*** you, you douchebags."', '2014-03-10 06:46:15', '2013-11-06 17:00:30', 2, 45192, 1),
(82, 'Coordinator Program Planning', 'finds himself in a bar that hosts chicken-fighting matches. A big, weeping Dominican man is sitting next to him, ', '2014-02-28 08:25:45', '2013-11-28 18:07:37', 5, 280599, 1),
(83, 'Manager EDI Healthcare', 'the last full measure of devotion  that we here highly resolve that these dead shall not ', '2014-04-20 10:39:35', '2013-10-29 06:46:55', 3, 52045, 0),
(84, 'Property & Casualty Underwriter', 'equipment or goods, although he does not always trade to them items they want or need.', '2014-03-28 19:30:59', '2013-10-22 03:20:22', 15, 477184, 1),
(85, 'Medical Clinical Specialist', 'agency "ISIS," located in New York City. ', '2014-04-05 02:15:57', '2013-10-30 01:33:55', 10, 252669, 0),
(86, 'Metal Engraver', 'crying over the death of his slain rooster. The next time we see Archer, he is covered in dirt and carrying a shovel, ', '2014-03-24 19:36:03', '2014-01-08 19:03:10', 8, 297519, 1),
(87, 'Machinist Setup Operator', 'He spent up to fifteen years at boarding school, despite American schooling taking thirteen years. His hobby was ', '2014-04-07 18:53:55', '2014-01-15 15:34:22', 11, 395301, 0),
(88, 'Technician Photographer/Editor', 'lacrosse, although flashbacks have indicated he had few friends. A picture of Archer in Placebo Effect shows Archer ', '2014-03-28 08:02:21', '2013-11-30 08:25:46', 9, 167304, 0),
(89, 'Health & Fitness Supervisor', 'government of the people, by the people, for the people, shall not perish from the earth.', '2014-04-17 13:32:02', '2013-11-07 14:21:36', 3, 486027, 1),
(90, 'Medical Cardiac Catheterization Technologist', 'Four score and seven years ago our fathers brought forth on this continent, a new nation, ', '2014-03-31 01:11:57', '2013-11-11 01:00:30', 3, 136748, 1),
(91, 'Well Driller', 'dedicated here to the unfinished work which they who fought here have thus far so nobly ', '2014-03-28 03:42:00', '2013-10-27 19:37:58', 18, 306645, 1),
(92, 'Executive Second Highest Paid', 'though Malory Archer denies this) and used to have an on-again, off-again relationship with fellow agent Lana ', '2014-01-30 17:12:55', '2014-01-09 20:10:52', 9, 341733, 0),
(93, 'Chief Research Officer', 'fears. In Heart of Archness:Pt 1, he saved Rip Riley from being attacked by a shark by pulling him out his destroyed ', '2014-01-22 00:08:20', '2014-01-13 10:15:07', 5, 83623, 0),
(94, 'Chief Merchandising Officer', 'Now we are engaged in a great civil war, testing whether that nation, or any nation so ', '2014-03-15 01:29:20', '2013-11-03 16:02:38', 13, 161109, 0),
(95, 'Teller Loan', 'have died in vain that this nation, under God, shall have a new birth of freedom and that ', '2014-02-27 18:37:51', '2013-12-06 19:56:06', 8, 462523, 1),
(96, 'Condominium Manager', 'anyone who crosses him (or even sometimes merely crosses his path), he is also undeniably an intuitively good operat', '2014-02-14 02:13:13', '2013-11-22 00:00:27', 19, 358477, 0),
(97, 'Contact Lens Flashing Puncher', 'that from these honored dead we take increased devotion to that cause for which they gave ', '2014-02-20 14:30:59', '2013-10-10 23:35:27', 1, 356028, 0),
(98, 'Grader Meat', 'Kane, which makes their working environment tenuous and difficult. At home, he employs an aging valet, Woodhouse ', '2014-03-11 05:56:00', '2013-10-09 09:53:17', 4, 300995, 1),
(99, 'Technician Mechanical Engineering', 'and mentions that he spent all night helping a giant Domnican guy bury his rooster in the everglades, This becomes ', '2014-02-10 12:02:49', '2013-11-24 05:19:57', 8, 430568, 0),
(100, 'Information Technology Audit Manager', 'alone, while his mother assisted in overthrowing the government of Guatemala (in reality the CIA ', '2014-01-28 03:19:34', '2013-11-27 22:27:38', 19, 127122, 1);

-- --------------------------------------------------------

--
-- Table structure for table `project_timesheet`
--

CREATE TABLE IF NOT EXISTS `project_timesheet` (
  `project_id` int(20) DEFAULT NULL,
  `timesheet_id` int(20) DEFAULT NULL,
  KEY `timesheet_id` (`timesheet_id`),
  KEY `project_id` (`project_id`)
) ENGINE=InnoDB DEFAULT CHARSET=latin1;

--
-- Dumping data for table `project_timesheet`
--

INSERT INTO `project_timesheet` (`project_id`, `timesheet_id`) VALUES
(21, 1),
(26, 2),
(33, 3),
(95, 4),
(1, 5),
(15, 6),
(32, 7),
(71, 8),
(28, 9),
(22, 10),
(96, 11),
(81, 12),
(14, 13),
(40, 14),
(45, 15),
(7, 16),
(60, 17),
(35, 18),
(89, 19),
(78, 20),
(91, 21),
(93, 22),
(12, 23),
(8, 24),
(18, 25),
(74, 26),
(54, 27),
(23, 28),
(98, 29),
(13, 30),
(100, 31),
(32, 32),
(37, 33),
(83, 34),
(3, 35),
(52, 36),
(56, 37),
(5, 38),
(99, 39),
(98, 40),
(1, 41),
(54, 42),
(86, 43),
(8, 44),
(82, 45),
(26, 46),
(81, 47),
(45, 48),
(55, 49),
(39, 50),
(80, 51),
(9, 52),
(6, 53),
(87, 54),
(76, 55),
(50, 56),
(81, 57),
(83, 58),
(15, 59),
(62, 60),
(74, 61),
(50, 62),
(92, 63),
(98, 64),
(73, 65),
(48, 66),
(26, 67),
(41, 68),
(26, 69),
(42, 70),
(55, 71),
(15, 72),
(76, 73),
(57, 74),
(44, 75),
(24, 76),
(65, 77),
(68, 78),
(95, 79),
(53, 80),
(23, 81),
(30, 82),
(11, 83),
(75, 84),
(93, 85),
(33, 86),
(45, 87),
(31, 88),
(38, 89),
(42, 90),
(30, 91),
(96, 92),
(46, 93),
(70, 94),
(87, 95),
(35, 96),
(33, 97),
(72, 98),
(44, 99),
(22, 100),
(94, 101),
(74, 102),
(21, 103),
(68, 104),
(73, 105),
(70, 106),
(51, 107),
(83, 108),
(31, 109),
(45, 110),
(65, 111),
(68, 112),
(40, 113),
(22, 114),
(41, 115),
(17, 116),
(45, 117),
(29, 118),
(93, 119),
(69, 120),
(57, 121),
(28, 122),
(74, 123),
(38, 124),
(69, 125),
(76, 126),
(95, 127),
(25, 128),
(14, 129),
(83, 130),
(87, 131),
(66, 132),
(11, 133),
(99, 134),
(75, 135),
(94, 136),
(58, 137),
(59, 138),
(25, 139),
(6, 140),
(69, 141),
(36, 142),
(80, 143),
(67, 144),
(75, 145),
(6, 146),
(14, 147),
(89, 148),
(24, 149),
(23, 150),
(54, 151),
(67, 152),
(51, 153),
(46, 154),
(56, 155),
(67, 156),
(16, 157),
(75, 158),
(32, 159),
(90, 160),
(11, 161),
(85, 162),
(63, 163),
(62, 164),
(1, 165),
(67, 166),
(57, 167),
(16, 168),
(42, 169),
(17, 170),
(15, 171),
(78, 172),
(89, 173),
(23, 174),
(36, 175),
(66, 176),
(96, 177),
(49, 178),
(57, 179),
(62, 180),
(63, 181),
(17, 182),
(20, 183),
(20, 184),
(79, 185),
(27, 186),
(16, 187),
(22, 188),
(81, 189),
(75, 190),
(22, 191),
(90, 192),
(12, 193),
(59, 194),
(65, 195),
(10, 196),
(55, 197),
(79, 198),
(60, 199),
(49, 200),
(80, 201),
(62, 202),
(4, 203),
(47, 204),
(18, 205),
(90, 206),
(35, 207),
(19, 208),
(64, 209),
(97, 210),
(78, 211),
(17, 212),
(64, 213),
(64, 214),
(40, 215),
(11, 216),
(45, 217),
(26, 218),
(28, 219),
(10, 220),
(77, 221),
(83, 222),
(99, 223),
(23, 224),
(1, 225),
(64, 226),
(70, 227),
(25, 228),
(37, 229),
(88, 230),
(39, 231),
(95, 232),
(76, 233),
(40, 234),
(6, 235),
(25, 236),
(7, 237),
(20, 238),
(90, 239),
(21, 240),
(34, 241),
(70, 242),
(70, 243),
(53, 244),
(1, 245),
(66, 246),
(20, 247),
(14, 248),
(97, 249),
(29, 250),
(98, 251),
(100, 252),
(41, 253),
(11, 254),
(2, 255),
(29, 256),
(57, 257),
(32, 258),
(34, 259),
(37, 260),
(81, 261),
(100, 262),
(3, 263),
(47, 264),
(74, 265),
(23, 266),
(69, 267),
(89, 268),
(24, 269),
(1, 270),
(19, 271),
(4, 272),
(60, 273),
(65, 274),
(7, 275),
(79, 276),
(18, 277),
(79, 278),
(27, 279),
(88, 280),
(31, 281),
(45, 282),
(65, 283),
(26, 284),
(26, 285),
(70, 286),
(79, 287),
(85, 288),
(55, 289),
(76, 290),
(99, 291),
(88, 292),
(90, 293),
(70, 294),
(22, 295),
(84, 296),
(69, 297),
(10, 298),
(74, 299),
(78, 300);

-- --------------------------------------------------------

--
-- Table structure for table `task`
--

CREATE TABLE IF NOT EXISTS `task` (
  `task_id` int(20) NOT NULL AUTO_INCREMENT,
  `task_name` varchar(255) DEFAULT NULL,
  `task_notes` varchar(255) DEFAULT NULL,
  `task_timesheet_id` int(20) DEFAULT NULL,
  `task_start_time` datetime DEFAULT NULL,
  `task_end_time` datetime DEFAULT NULL,
  `task_work_time` float DEFAULT NULL,
  `task_location` varchar(255) DEFAULT NULL,
  `task_status` int(1) DEFAULT NULL,
  PRIMARY KEY (`task_id`),
  KEY `task_timesheet_id` (`task_timesheet_id`)
) ENGINE=InnoDB  DEFAULT CHARSET=latin1 AUTO_INCREMENT=501 ;

--
-- Dumping data for table `task`
--

INSERT INTO `task` (`task_id`, `task_name`, `task_notes`, `task_timesheet_id`, `task_start_time`, `task_end_time`, `task_work_time`, `task_location`, `task_status`) VALUES
(1, 'Welter', 'he establishes a friendship with a fellow cancer patient, Ruth. Another example of this is in Honeypot when Archer ', 58, '2014-02-21 12:31:31', '2015-01-24 00:58:43', 2352290, 'South Fulton', 2),
(2, 'Marvin', 'lacrosse, although flashbacks have indicated he had few friends. A picture of Archer in Placebo Effect shows Archer ', 200, '2014-02-16 10:48:01', '2015-01-22 21:15:28', 784970, 'South Bloomingville', 0),
(3, 'Tabor', 'here, but it can never forget what they did here. It is for us the living, rather, to be ', 198, '2014-02-19 02:15:33', '2015-01-16 16:57:45', 1967000, 'North Waterford', 0),
(4, 'Milton', ' from breast cancer, he demonstrates considerable regret at his treatment of his co-workers at ISIS, buying Pam and ', 272, '2014-03-25 16:57:22', '2015-01-08 15:24:23', 1316310, 'Pine Forge', 1),
(5, 'Hamill', 'for the Johns Hopkins lacrosse team, as well as being stalked and subsequently shot by a mysterious woman, Ruth ', 267, '2014-02-08 18:08:25', '2015-01-12 15:54:37', 2181150, 'North Dartmouth', 0),
(6, 'Grey', 'even more heart warming in hindsight after the second season reveal that alligators are one of Archer''s three biggest ', 194, '2014-02-09 06:44:28', '2015-01-07 20:04:56', 2220190, 'Point Clear', 1),
(7, 'Bushey', 'lly intended his last words to be "F*** you, you douchebags."', 119, '2014-04-07 22:21:12', '2015-01-24 05:06:03', 224147, 'Camp Verde', 0),
(8, 'Mikell', 'twitted and outfought the numerous soldiers dispatched to recapture him despite never having a functional firearm ', 1, '2014-02-08 16:43:11', '2015-01-18 07:59:41', 1892890, 'Burlingame', 2),
(9, 'Siegfried', 'though Malory Archer denies this) and used to have an on-again, off-again relationship with fellow agent Lana ', 61, '2014-03-20 07:43:02', '2015-01-24 08:55:26', 694885, 'Stewart', 1),
(10, 'Chavira', 'crying over the death of his slain rooster. The next time we see Archer, he is covered in dirt and carrying a shovel, ', 210, '2014-01-29 09:50:21', '2015-01-22 21:27:44', 654048, 'Craftsbury', 2),
(11, 'Samuel', 'the last full measure of devotion  that we here highly resolve that these dead shall not ', 9, '2014-03-07 05:10:57', '2015-01-13 05:52:38', 2282220, 'Cornish', 1),
(12, 'Manning', ' child, going so far as to have "Seamus" tattooed on his back in recognition of that affection.  Additionally, ', 77, '2014-02-13 02:55:46', '2015-01-19 13:24:45', 1791170, 'Kennett Square', 1),
(13, 'Stout', 'alone, while his mother assisted in overthrowing the government of Guatemala (in reality the CIA ', 145, '2014-03-30 19:20:00', '2015-01-12 09:34:07', 1196760, 'Flinton', 0),
(14, 'Gilles', 'our poor power to add or detract. The world will little note, nor long remember what we say ', 50, '2014-04-20 02:12:10', '2015-01-16 00:23:01', 667392, 'Rosemead', 0),
(15, 'Mckean', 'added to the list of possible fathers was an unnamed young Italian man who was gunned down in the ', 75, '2014-02-02 11:53:10', '2015-01-23 05:42:54', 1764620, 'Great Cacapon', 1),
(16, 'Bair', 'here, but it can never forget what they did here. It is for us the living, rather, to be ', 30, '2014-02-26 10:45:19', '2015-01-23 23:31:18', 89958.1, 'Novato', 1),
(17, 'Mccue', 'overthrew Guatemala''s government in 1954, making his birth year around 1948). He is a member of spy ', 83, '2014-03-23 05:11:27', '2015-01-21 09:08:35', 760598, 'Plumerville', 1),
(18, 'Wegner', 'advanced. It is rather for us to be here dedicated to the great task remaining before us ', 24, '2014-03-01 12:03:55', '2015-01-17 13:34:58', 1805320, 'Golconda', 2),
(19, 'Rubino', 'with the wee baby Seamus over the course of the episode as he considers him the closest that he will ever get to having a', 288, '2014-03-20 17:43:45', '2015-01-23 00:47:18', 389271, 'Bonsall', 1),
(20, 'Duggan', ' We have come to dedicate a portion of that field, as a final resting place for those who ', 203, '2014-03-27 01:29:38', '2015-01-17 15:55:58', 381623, 'Brantley', 1),
(21, 'Herold', 'who contributed greatly to Archer''s parenting. Archer is voiced by H. Jon Benjamin.', 100, '2014-03-09 23:37:00', '2015-01-25 08:41:46', 2167450, 'Saint Paul Island', 0),
(22, 'Hamm', 'Archer is first and foremost completely focused on himself, his needs and desires. If he aids another person, it ', 55, '2014-03-10 17:47:06', '2015-01-14 07:32:47', 964474, 'Fish Haven', 2),
(23, 'Somers', 'alone, while his mother assisted in overthrowing the government of Guatemala (in reality the CIA ', 79, '2014-04-14 08:06:04', '2015-01-18 21:01:16', 806663, 'Silver Creek', 1),
(24, 'Montero', 'seaplane, bandaging his head and giving him CPR', 247, '2014-04-02 06:33:57', '2015-01-15 02:00:28', 1222750, 'Ostrander', 1),
(25, 'Mannino', 'In the Season 4 episode, Once Bitten, Sterling revisits his past led by a cut-rate James Mason, as his spirit ', 184, '2014-03-04 23:03:48', '2015-01-17 19:01:36', 1968910, 'Cockeysville', 1),
(26, 'Gainer', 'conceived in Liberty, and dedicated to the proposition that all men are created equal.', 276, '2014-04-10 19:50:44', '2015-01-21 10:30:39', 1942380, 'Knightstown', 0),
(27, 'Grissom', 'anyone who crosses him (or even sometimes merely crosses his path), he is also undeniably an intuitively good operat', 140, '2014-04-09 02:31:00', '2015-01-18 10:05:12', 1825170, 'Volin', 2),
(28, 'Werth', 'dedicated here to the unfinished work which they who fought here have thus far so nobly ', 28, '2014-03-26 07:31:01', '2015-01-23 02:51:28', 908807, 'Oilville', 0),
(29, 'Villeneuve', 'Archer is first and foremost completely focused on himself, his needs and desires. If he aids another person, it ', 83, '2014-03-23 10:06:28', '2015-01-11 12:41:01', 36474.3, 'Lerna', 1),
(30, 'Gagnon', 'and sometimes bluntly abusive. It is implied that Archer was exposed to "negative reinforcement" when ', 131, '2014-03-13 16:51:19', '2015-01-10 12:27:43', 1113450, 'Bulpitt', 0),
(31, 'Daley', 'advanced. It is rather for us to be here dedicated to the great task remaining before us ', 24, '2014-02-26 06:36:56', '2015-01-12 17:24:34', 798390, 'Rickreall', 2),
(32, 'Percy', 'a stuffed alligator.  He, unfortunately, awakens before remembering his father''s face.', 218, '2014-01-30 08:01:06', '2015-01-23 01:20:39', 2248820, 'Shaw A F B', 2),
(33, 'Leger', 'equipment or goods, although he does not always trade to them items they want or need.', 204, '2014-02-19 01:27:07', '2015-01-20 19:57:56', 1948820, 'Fayette', 0),
(34, 'Wilkes', 'Anne Litzenberger. Sterling''s memories culminate in remembering his sixth birthday when his real father gave him ', 175, '2014-02-11 05:32:50', '2015-01-17 13:08:10', 1752980, 'Wrightwood', 2),
(35, 'Lange', 'even more heart warming in hindsight after the second season reveal that alligators are one of Archer''s three biggest ', 246, '2014-03-05 12:09:44', '2015-01-12 06:09:47', 787126, 'Michigamme', 0),
(36, 'Herren', 'lacrosse, although flashbacks have indicated he had few friends. A picture of Archer in Placebo Effect shows Archer ', 204, '2014-01-30 09:51:57', '2015-01-24 14:04:42', 628688, 'Guasti', 2),
(37, 'Brogdon', 'our poor power to add or detract. The world will little note, nor long remember what we say ', 117, '2014-03-16 23:55:24', '2015-01-25 08:55:17', 2280550, 'Bolivia', 0),
(38, 'Faber', 'he establishes a friendship with a fellow cancer patient, Ruth. Another example of this is in Honeypot when Archer ', 274, '2014-04-23 04:46:49', '2015-01-16 22:01:13', 2100490, 'Everettville', 0),
(39, 'Brockway', 'His relation with his mother Malory—who is also his boss at ISIS—is often strained, never sympathetic, ', 180, '2014-01-25 21:02:47', '2015-01-10 21:16:15', 1010080, 'New Berlinville', 1),
(40, 'Walley', 'dedicated here to the unfinished work which they who fought here have thus far so nobly ', 182, '2014-02-22 12:58:49', '2015-01-11 19:25:16', 722544, 'West Pawlet', 0),
(41, 'Gilpin', 'he was growing up by Malory in The Double Deuce (Malory denies Seamus a toy, saying, "Did somebody trick ', 52, '2014-03-29 18:28:27', '2015-01-24 05:21:01', 1313470, 'Goldendale', 1),
(42, 'Davison', 'he was growing up by Malory in The Double Deuce (Malory denies Seamus a toy, saying, "Did somebody trick ', 205, '2014-03-13 07:32:16', '2015-01-11 10:21:00', 134384, 'Nisula', 2),
(43, 'Theisen', ' Lana the last set of scuba gear and tells her he loves her before drowning to be rescucitated). Archer also bonds ', 161, '2014-01-29 21:16:58', '2015-01-21 21:24:27', 1618490, 'Bonesteel', 2),
(44, 'Heflin', 'may be KGB head Major Nikolai Jakov, ODIN director Len Trexler, or jazz drummer Buddy Rich. Later ', 259, '2014-04-24 15:24:27', '2015-01-15 05:29:04', 2168730, 'Quinnesec', 2),
(45, 'Menendez', 'conceived and so dedicated, can long endure. We are met on a great battle-field of that war.', 1, '2014-04-19 08:10:52', '2015-01-17 20:48:02', 261940, 'Lamy', 0),
(46, 'Ong', 'Although he has numerous personality flaws, such as insensitivity, egotism, and a casual attitude towards murdering ', 255, '2014-01-26 04:55:40', '2015-01-14 07:06:44', 733942, 'Calera', 1),
(47, 'Kissinger', 'But, in a larger sense, we can not dedicate we can not consecrate we can not hallow this ', 288, '2014-03-16 11:00:39', '2015-01-23 22:59:46', 1308830, 'Carbon Cliff', 1),
(48, 'Haga', 'seaplane, bandaging his head and giving him CPR', 153, '2014-04-03 13:19:07', '2015-01-21 18:07:46', 1957140, 'Dulzura', 1),
(49, 'Bachman', 'lly intended his last words to be "F*** you, you douchebags."', 16, '2014-03-10 02:14:48', '2015-01-08 04:34:16', 1272860, 'Strandquist', 0),
(50, 'Bos', 'advanced. It is rather for us to be here dedicated to the great task remaining before us ', 23, '2014-02-06 10:11:02', '2015-01-13 03:02:34', 1355340, 'Fort Richardson', 1),
(51, 'Balcom', 'fears. In Heart of Archness:Pt 1, he saved Rip Riley from being attacked by a shark by pulling him out his destroyed ', 117, '2014-03-12 22:29:44', '2015-01-15 04:12:40', 2097460, 'Sparta', 1),
(52, 'Clemmer', 'It is revealed in Fugue and Riffs that for a short period of time, he assumed the identity of Bob Belcher from the show Bob''s Burgers. The reason for this sudden life-change is that he entered a fugue state (stress-induced amnesia) following Malory''s wedd', 95, '2014-04-09 01:00:34', '2015-01-10 16:58:03', 1591230, 'Loyalhanna', 1),
(53, 'Papa', 'added to the list of possible fathers was an unnamed young Italian man who was gunned down in the ', 211, '2014-03-23 19:59:52', '2015-01-16 11:42:40', 263691, 'Silas', 2),
(54, 'Garrard', 'Archer is not completely devoid of a sensitive side however, as seen in Stage Two, when he believes that he may di', 219, '2014-02-02 10:39:52', '2015-01-23 22:37:42', 1580970, 'Cottonport', 2),
(55, 'Plumb', 'government of the people, by the people, for the people, shall not perish from the earth.', 167, '2014-04-22 02:07:35', '2015-01-13 00:58:33', 2158610, 'Enon Valley', 0),
(56, 'Brazil', 'advanced. It is rather for us to be here dedicated to the great task remaining before us ', 223, '2014-04-14 18:54:02', '2015-01-07 19:21:35', 2313330, 'Arco', 0),
(57, 'Sierra', 'lacrosse, although flashbacks have indicated he had few friends. A picture of Archer in Placebo Effect shows Archer ', 158, '2014-03-25 18:53:13', '2015-01-11 11:01:08', 1246450, 'North Bonneville', 0),
(58, 'Kilpatrick', 'conceived and so dedicated, can long endure. We are met on a great battle-field of that war.', 264, '2014-03-20 15:51:10', '2015-01-19 04:06:19', 732116, 'Devils Lake', 2),
(59, 'Hammond', '', 118, '2014-04-18 02:25:05', '2015-01-18 10:57:51', 599068, 'Jenkinsville', 0),
(60, 'Reedy', 'that from these honored dead we take increased devotion to that cause for which they gave ', 289, '2014-02-09 09:32:18', '2015-01-13 04:25:03', 329994, 'Poneto', 0),
(61, 'Galan', 'equipment or goods, although he does not always trade to them items they want or need.', 94, '2014-04-11 14:29:28', '2015-01-17 05:02:38', 2003710, 'Mandan', 2),
(62, 'Dayton', 'that from these honored dead we take increased devotion to that cause for which they gave ', 89, '2014-04-16 09:21:28', '2015-01-17 15:27:34', 256264, 'Frankfort Heights', 1),
(63, 'Haun', 'ive with a fairly high degree of personal bravery, as shown during his escape from Moscow when he consistently ou', 10, '2014-03-05 14:00:36', '2015-01-15 17:36:01', 2232840, 'Ellinger', 1),
(64, 'Baillargeon', ' child, going so far as to have "Seamus" tattooed on his back in recognition of that affection.  Additionally, ', 256, '2014-03-05 09:35:37', '2015-01-19 09:00:09', 1135990, 'Weeksbury', 1),
(65, 'Calzada', 'who contributed greatly to Archer''s parenting. Archer is voiced by H. Jon Benjamin.', 15, '2014-03-11 08:30:44', '2015-01-23 06:05:04', 1250580, 'Perkinsville', 2),
(66, 'Pell', 'According to the episode, "Once Bitten" Sterling Archer was age six and celebrated his birthday ', 137, '2014-03-31 20:54:44', '2015-01-12 14:25:40', 1339790, 'Shortsville', 0),
(67, 'Hames', 'government of the people, by the people, for the people, shall not perish from the earth.', 245, '2014-03-19 13:40:02', '2015-01-08 14:03:28', 869836, 'Pilot Point', 0),
(68, 'Aikens', 'He spent up to fifteen years at boarding school, despite American schooling taking thirteen years. His hobby was ', 295, '2014-04-19 05:51:43', '2015-01-11 07:43:32', 415646, 'Mohawk', 1),
(69, 'Mike', 'government of the people, by the people, for the people, shall not perish from the earth.', 277, '2014-04-21 12:46:39', '2015-01-20 12:11:23', 1022080, 'Ebervale', 1),
(70, 'Jenks', 'who contributed greatly to Archer''s parenting. Archer is voiced by H. Jon Benjamin.', 161, '2014-02-26 06:22:29', '2015-01-07 16:29:46', 133314, 'Mc Grann', 2),
(71, 'Millard', 'In the Season 4 episode, Once Bitten, Sterling revisits his past led by a cut-rate James Mason, as his spirit ', 85, '2014-03-07 12:16:44', '2015-01-20 03:15:37', 801820, 'Monrovia', 2),
(72, 'Heron', 'anyone who crosses him (or even sometimes merely crosses his path), he is also undeniably an intuitively good operat', 191, '2014-03-04 07:15:52', '2015-01-20 08:56:54', 754169, 'Thibodaux', 1),
(73, 'Cardwell', 'here, but it can never forget what they did here. It is for us the living, rather, to be ', 98, '2014-03-15 01:14:22', '2015-01-19 07:09:30', 1898400, 'Fruitland Park', 1),
(74, 'Boring', 'agency "ISIS," located in New York City. ', 125, '2014-03-17 15:43:44', '2015-01-16 22:54:04', 2075630, 'Sadler', 1),
(75, 'Stivers', 'crying over the death of his slain rooster. The next time we see Archer, he is covered in dirt and carrying a shovel, ', 54, '2014-02-06 06:51:36', '2015-01-20 21:52:55', 91129.5, 'Readlyn', 2),
(76, 'Dustin', 'that from these honored dead we take increased devotion to that cause for which they gave ', 239, '2014-02-12 20:50:50', '2015-01-16 06:46:56', 2088320, 'New Laguna', 0),
(77, 'Mclin', 'advanced. It is rather for us to be here dedicated to the great task remaining before us ', 257, '2014-03-22 05:58:29', '2015-01-13 08:32:21', 617685, 'Vallejo', 1),
(78, 'Starnes', 'have died in vain that this nation, under God, shall have a new birth of freedom and that ', 205, '2014-03-26 01:04:58', '2015-01-10 20:37:44', 407801, 'De Forest', 0),
(79, 'Shockey', 'government of the people, by the people, for the people, shall not perish from the earth.', 135, '2014-04-02 04:33:01', '2015-01-18 20:20:48', 119979, 'Walla Walla', 1),
(80, 'Aiello', 'unknown major. Woodhouse is present, also implying he is a better parent to Sterling than Malory who was not present. ', 44, '2014-02-02 03:46:51', '2015-01-15 05:05:17', 1706410, 'Westmont', 2),
(81, 'Denis', 'He spent up to fifteen years at boarding school, despite American schooling taking thirteen years. His hobby was ', 94, '2014-03-16 21:11:09', '2015-01-15 19:37:51', 2012570, 'Bay City', 2),
(82, 'Lock', 'As a result of this long classical education and friendlessness, Archer is surprisingly well-read.', 187, '2014-03-06 08:40:12', '2015-01-24 06:24:57', 46397.7, 'Aynor', 0),
(83, 'Horowitz', 'you, hmm? See, that''s how the world works dear, and I''m the only one you can trust.") making Archer ', 75, '2014-03-01 22:36:51', '2015-01-23 06:49:40', 815805, 'Trafford', 2),
(84, 'Cutter', 'decorated Navy pilot, John Fitzgerald Archer. It was revealed in Dial M for Mother that his father ', 24, '2014-03-01 07:21:40', '2015-01-07 17:28:40', 1410320, 'Mondovi', 1),
(85, 'Redding', 'Anne Litzenberger. Sterling''s memories culminate in remembering his sixth birthday when his real father gave him ', 210, '2014-04-03 03:12:00', '2015-01-23 05:28:58', 2298940, 'Painesville', 1),
(86, 'Busby', 'His relation with his mother Malory—who is also his boss at ISIS—is often strained, never sympathetic, ', 68, '2014-02-16 10:50:56', '2015-01-12 10:44:54', 872231, 'Tallman', 1),
(87, 'Fogel', 'guide. James shows Archer memories that Sterling had blocked out. These include a visit to Baltimore to try out', 279, '2014-02-16 16:26:29', '2015-01-08 23:14:59', 651265, 'Fort Belvoir', 2),
(88, 'Oneal', 'advanced. It is rather for us to be here dedicated to the great task remaining before us ', 205, '2014-04-20 09:00:34', '2015-01-12 19:18:44', 353448, 'Metlakatla', 1),
(89, 'Loomis', 'It is revealed in Fugue and Riffs that for a short period of time, he assumed the identity of Bob Belcher from the show Bob''s Burgers. The reason for this sudden life-change is that he entered a fugue state (stress-induced amnesia) following Malory''s wedd', 66, '2014-03-19 14:28:08', '2015-01-15 12:53:35', 1012560, 'Paramount', 1),
(90, 'Iglesias', 'According to the episode, "Once Bitten" Sterling Archer was age six and celebrated his birthday ', 56, '2014-04-18 02:06:10', '2015-01-13 01:51:46', 117668, 'Seal Cove', 1),
(91, 'Worthington', 'anyone who crosses him (or even sometimes merely crosses his path), he is also undeniably an intuitively good operat', 14, '2014-03-07 23:32:47', '2015-01-24 01:17:09', 1418890, 'Saint Lawrence', 1),
(92, 'Ames', 'we should do this.', 227, '2014-02-02 08:16:17', '2015-01-23 19:42:11', 2202770, 'Lake Dallas', 1),
(93, 'Billings', 'lly intended his last words to be "F*** you, you douchebags."', 84, '2014-03-11 07:34:12', '2015-01-10 02:24:40', 1009080, 'Vaughnsville', 1),
(94, 'Nardi', 'He spent up to fifteen years at boarding school, despite American schooling taking thirteen years. His hobby was ', 271, '2014-04-07 23:02:25', '2015-01-20 05:44:43', 1915940, 'Grand Valley', 2),
(95, 'Baranowski', 'overthrew Guatemala''s government in 1954, making his birth year around 1948). He is a member of spy ', 109, '2014-02-12 19:34:09', '2015-01-10 02:21:37', 1069120, 'Turon', 1),
(96, 'Oleary', 'conceived and so dedicated, can long endure. We are met on a great battle-field of that war.', 239, '2014-03-31 02:49:04', '2015-01-08 13:30:41', 814811, 'Fort Rock', 2),
(97, 'Manus', 'fears. In Heart of Archness:Pt 1, he saved Rip Riley from being attacked by a shark by pulling him out his destroyed ', 149, '2014-04-17 17:12:20', '2015-01-07 16:20:07', 1302030, 'Deming', 0),
(98, 'Stripling', 'Kane, which makes their working environment tenuous and difficult. At home, he employs an aging valet, Woodhouse ', 142, '2014-04-06 16:23:41', '2015-01-20 10:07:56', 589871, 'Llano', 0),
(99, 'Haggerty', 'lly intended his last words to be "F*** you, you douchebags."', 252, '2014-03-27 14:16:27', '2015-01-18 01:38:48', 872260, 'Des Lacs', 2),
(100, 'Harter', 'ground. The brave men, living and dead, who struggled here, have consecrated it, far above ', 1, '2014-02-11 12:26:41', '2015-01-17 05:20:55', 1721640, 'Matewan', 2),
(101, 'Agustin', 'alone, while his mother assisted in overthrowing the government of Guatemala (in reality the CIA ', 204, '2014-02-18 16:12:09', '2015-01-10 10:42:53', 1837500, 'Glen', 0),
(102, 'Christopherso', 'over-dependent on his mother. Archer believed for most of his life that his father was a deceased, ', 210, '2014-02-17 19:01:27', '2015-01-10 12:30:37', 2137780, 'Pilot Mound', 2),
(103, 'Long', ' from breast cancer, he demonstrates considerable regret at his treatment of his co-workers at ISIS, buying Pam and ', 193, '2014-02-01 03:33:04', '2015-01-10 08:04:08', 643834, 'Deepwater', 0),
(104, 'Rondeau', 'In the Season 4 episode, Once Bitten, Sterling revisits his past led by a cut-rate James Mason, as his spirit ', 85, '2014-03-04 07:04:22', '2015-01-20 09:34:34', 644891, 'Bloomingdale', 2),
(105, 'Lazarus', 'His relation with his mother Malory—who is also his boss at ISIS—is often strained, never sympathetic, ', 256, '2014-01-29 11:30:47', '2015-01-21 23:20:54', 1106800, 'Willards', 2),
(106, 'Haworth', 'ground. The brave men, living and dead, who struggled here, have consecrated it, far above ', 27, '2014-02-05 17:54:45', '2015-01-15 20:06:55', 360266, 'Smithfield', 1),
(107, 'Byrd', 'even more heart warming in hindsight after the second season reveal that alligators are one of Archer''s three biggest ', 43, '2014-03-23 17:24:52', '2015-01-22 16:18:03', 1131930, 'Gibsonburg', 0),
(108, 'Lockridge', 'a stuffed alligator.  He, unfortunately, awakens before remembering his father''s face.', 74, '2014-04-09 02:44:54', '2015-01-17 02:18:19', 207068, 'Fingerville', 2),
(109, 'Lopes', 'we should do this.', 70, '2014-03-31 20:12:51', '2015-01-11 05:47:05', 921120, 'Shepherd', 2),
(110, 'Benitez', 'decorated Navy pilot, John Fitzgerald Archer. It was revealed in Dial M for Mother that his father ', 257, '2014-04-08 22:10:04', '2015-01-18 01:56:01', 733425, 'Drury', 1),
(111, 'Garver', 'government of the people, by the people, for the people, shall not perish from the earth.', 274, '2014-03-19 00:00:15', '2015-01-20 06:45:59', 1629840, 'West Falls', 0),
(112, 'Domingo', 'with the wee baby Seamus over the course of the episode as he considers him the closest that he will ever get to having a', 59, '2014-02-21 13:38:31', '2015-01-16 17:23:50', 382235, 'Agoura Hills', 1),
(113, 'Schlueter', 'His relation with his mother Malory—who is also his boss at ISIS—is often strained, never sympathetic, ', 73, '2014-04-06 21:30:30', '2015-01-20 15:19:21', 1636860, 'Lake Hill', 0),
(114, 'Kittle', 'It is revealed in Fugue and Riffs that for a short period of time, he assumed the identity of Bob Belcher from the show Bob''s Burgers. The reason for this sudden life-change is that he entered a fugue state (stress-induced amnesia) following Malory''s wedd', 271, '2014-02-16 15:01:25', '2015-01-09 08:42:07', 1310270, 'Prewitt', 0),
(115, 'Laskowski', 'twitted and outfought the numerous soldiers dispatched to recapture him despite never having a functional firearm ', 219, '2014-02-10 01:35:05', '2015-01-23 17:38:21', 2363420, 'Kellerton', 1),
(116, 'Hui', ' Lana the last set of scuba gear and tells her he loves her before drowning to be rescucitated). Archer also bonds ', 47, '2014-02-24 04:02:58', '2015-01-21 02:27:48', 883341, 'Lebanon', 1),
(117, 'Toon', 'and sometimes bluntly abusive. It is implied that Archer was exposed to "negative reinforcement" when ', 154, '2014-04-04 04:43:22', '2015-01-21 23:00:40', 2155660, 'Macon', 2),
(118, 'Terrazas', 'and mentions that he spent all night helping a giant Domnican guy bury his rooster in the everglades, This becomes ', 257, '2014-04-16 01:50:18', '2015-01-10 04:54:23', 2270030, 'Mark Center', 2),
(119, 'Vines', 'for the Johns Hopkins lacrosse team, as well as being stalked and subsequently shot by a mysterious woman, Ruth ', 171, '2014-03-28 10:32:44', '2015-01-19 00:50:35', 2103750, 'Brainardsville', 2),
(120, 'Maynor', 'agency "ISIS," located in New York City. ', 251, '2014-04-13 08:23:32', '2015-01-24 10:51:55', 1162220, 'Kouts', 1),
(121, 'Keeney', 'But, in a larger sense, we can not dedicate we can not consecrate we can not hallow this ', 263, '2014-02-08 17:18:33', '2015-01-24 09:38:56', 2311690, 'Lexa', 1),
(122, 'Clem', ' We have come to dedicate a portion of that field, as a final resting place for those who ', 8, '2014-03-30 10:05:43', '2015-01-15 12:47:00', 1143490, 'Hartwick', 2),
(123, 'Bayne', 'lacrosse, although flashbacks have indicated he had few friends. A picture of Archer in Placebo Effect shows Archer ', 185, '2014-03-02 01:24:06', '2015-01-11 14:03:07', 554446, 'Clackamas', 2),
(124, 'Songer', 'agency "ISIS," located in New York City. ', 198, '2014-02-27 11:12:56', '2015-01-13 09:42:50', 409600, 'Burdine', 0),
(125, 'Medellin', 'His relation with his mother Malory—who is also his boss at ISIS—is often strained, never sympathetic, ', 108, '2014-03-14 20:50:42', '2015-01-20 13:47:06', 484366, 'Sulphur Springs', 2),
(126, 'Rice', 'fears. In Heart of Archness:Pt 1, he saved Rip Riley from being attacked by a shark by pulling him out his destroyed ', 132, '2014-02-10 17:24:11', '2015-01-12 16:19:09', 2362290, 'Hoquiam', 0),
(127, 'Kelly', 'guide. James shows Archer memories that Sterling had blocked out. These include a visit to Baltimore to try out', 76, '2014-03-21 06:47:34', '2015-01-08 04:41:23', 739016, 'Stevensville', 2),
(128, 'Shrader', 'he establishes a friendship with a fellow cancer patient, Ruth. Another example of this is in Honeypot when Archer ', 224, '2014-04-11 19:11:27', '2015-01-20 23:52:15', 2329740, 'Black River', 0),
(129, 'Pippin', 'advanced. It is rather for us to be here dedicated to the great task remaining before us ', 62, '2014-03-06 11:01:56', '2015-01-22 11:43:04', 760288, 'Birchleaf', 2),
(130, 'Hester', 'ive with a fairly high degree of personal bravery, as shown during his escape from Moscow when he consistently ou', 246, '2014-02-22 23:29:41', '2015-01-17 09:15:00', 547666, 'Dixmont', 0),
(131, 'Kephart', 'lly intended his last words to be "F*** you, you douchebags."', 22, '2014-03-23 21:28:59', '2015-01-17 01:55:49', 1838850, 'Glade Park', 0),
(132, 'Shorts', 'conceived in Liberty, and dedicated to the proposition that all men are created equal.', 279, '2014-04-07 13:06:49', '2015-01-18 15:56:50', 816472, 'Joiner', 2),
(133, 'Reddick', 'twitted and outfought the numerous soldiers dispatched to recapture him despite never having a functional firearm ', 255, '2014-03-07 17:41:53', '2015-01-07 13:29:48', 996633, 'Long Beach', 0),
(134, 'Hall', 'seaplane, bandaging his head and giving him CPR', 178, '2014-03-23 02:13:44', '2015-01-19 19:03:44', 1996370, 'Underhill Center', 2),
(135, 'Lett', 'may be KGB head Major Nikolai Jakov, ODIN director Len Trexler, or jazz drummer Buddy Rich. Later ', 258, '2014-04-09 02:21:46', '2015-01-11 20:41:49', 1580570, 'Polebridge', 2),
(136, 'Kirkendall', 'have died in vain that this nation, under God, shall have a new birth of freedom and that ', 221, '2014-02-16 19:54:18', '2015-01-24 06:18:16', 1439170, 'Quaker Hill', 1),
(137, 'Rideout', 'overthrew Guatemala''s government in 1954, making his birth year around 1948). He is a member of spy ', 281, '2014-02-09 08:47:42', '2015-01-08 14:55:12', 2370460, 'Little Plymouth', 0),
(138, 'Dawson', 'According to the episode, "Once Bitten" Sterling Archer was age six and celebrated his birthday ', 268, '2014-02-06 21:35:20', '2015-01-20 10:59:33', 807394, 'Whitingham', 1),
(139, 'Weidner', 'alone, while his mother assisted in overthrowing the government of Guatemala (in reality the CIA ', 184, '2014-03-10 12:26:45', '2015-01-21 13:39:51', 1010680, 'Bath Springs', 0),
(140, 'Beach', 'As a result of this long classical education and friendlessness, Archer is surprisingly well-read.', 119, '2014-04-02 16:36:39', '2015-01-12 01:03:14', 2344090, 'Weippe', 1),
(141, 'Romo', 'According to the episode, "Once Bitten" Sterling Archer was age six and celebrated his birthday ', 94, '2014-02-10 10:23:58', '2015-01-23 21:32:13', 2216700, 'Grantsdale', 2),
(142, 'Gerber', 'for the Johns Hopkins lacrosse team, as well as being stalked and subsequently shot by a mysterious woman, Ruth ', 166, '2014-03-03 03:41:00', '2015-01-12 08:01:36', 367942, 'Harrison Township', 0),
(143, 'Batton', 'a stuffed alligator.  He, unfortunately, awakens before remembering his father''s face.', 160, '2014-01-27 04:52:21', '2015-01-22 15:15:20', 2108210, 'Hatteras', 2),
(144, 'Eubank', 'finds himself in a bar that hosts chicken-fighting matches. A big, weeping Dominican man is sitting next to him, ', 254, '2014-02-24 02:24:07', '2015-01-20 16:03:25', 1416390, 'Mc Alpin', 1),
(145, 'Remillard', 'may be KGB head Major Nikolai Jakov, ODIN director Len Trexler, or jazz drummer Buddy Rich. Later ', 9, '2014-02-04 10:42:52', '2015-01-17 00:38:46', 1190190, 'Forks', 2),
(146, 'Adorno', 'twitted and outfought the numerous soldiers dispatched to recapture him despite never having a functional firearm ', 34, '2014-03-10 12:44:43', '2015-01-16 18:54:04', 1416770, 'Maydelle', 1),
(147, 'Crowson', 'the last full measure of devotion  that we here highly resolve that these dead shall not ', 4, '2014-04-07 14:54:26', '2015-01-10 21:38:41', 622777, 'Ostrander', 1),
(148, 'Fine', 'guide. James shows Archer memories that Sterling had blocked out. These include a visit to Baltimore to try out', 219, '2014-03-18 22:34:27', '2015-01-09 04:55:29', 1054760, 'Huttonsville', 1),
(149, 'Dwyer', 'that from these honored dead we take increased devotion to that cause for which they gave ', 100, '2014-03-21 08:03:59', '2015-01-25 01:17:47', 878312, 'Mentcle', 0),
(150, 'Stiffler', 'Archer is not completely devoid of a sensitive side however, as seen in Stage Two, when he believes that he may di', 243, '2014-04-22 15:08:00', '2015-01-11 14:06:09', 2044180, 'Greenford', 2),
(151, 'Porter', ' from breast cancer, he demonstrates considerable regret at his treatment of his co-workers at ISIS, buying Pam and ', 199, '2014-02-12 15:56:22', '2015-01-19 14:45:21', 398531, 'South Brunswick', 1),
(152, 'Lemke', 'Four score and seven years ago our fathers brought forth on this continent, a new nation, ', 115, '2014-03-19 00:32:56', '2015-01-19 03:01:08', 1009450, 'Tuolumne', 0),
(153, 'Venegas', 'with the wee baby Seamus over the course of the episode as he considers him the closest that he will ever get to having a', 206, '2014-02-22 10:54:28', '2015-01-14 10:17:12', 1413650, 'Elmo', 0),
(154, 'Hulsey', 'seaplane, bandaging his head and giving him CPR', 177, '2014-04-18 23:19:50', '2015-01-20 21:52:02', 79375, 'Casnovia', 0),
(155, 'Passmore', 'His relation with his mother Malory—who is also his boss at ISIS—is often strained, never sympathetic, ', 86, '2014-03-25 15:29:03', '2015-01-11 10:15:45', 1437510, 'Rowe', 0),
(156, 'Windsor', 'According to the episode, "Once Bitten" Sterling Archer was age six and celebrated his birthday ', 257, '2014-04-20 01:52:17', '2015-01-12 07:27:01', 769602, 'Smyer', 0),
(157, 'Snodgrass', 'even more heart warming in hindsight after the second season reveal that alligators are one of Archer''s three biggest ', 223, '2014-04-16 13:48:56', '2015-01-25 00:09:56', 1474030, 'Mattoon', 2),
(158, 'Kaufmann', 'a stuffed alligator.  He, unfortunately, awakens before remembering his father''s face.', 29, '2014-04-23 23:56:46', '2015-01-25 08:10:52', 252428, 'Pahoa', 1),
(159, 'Batiste', 'he establishes a friendship with a fellow cancer patient, Ruth. Another example of this is in Honeypot when Archer ', 269, '2014-03-18 07:10:51', '2015-01-22 09:35:19', 2286980, 'Florham Park', 1),
(160, 'Greenwood', 'Kane, which makes their working environment tenuous and difficult. At home, he employs an aging valet, Woodhouse ', 268, '2014-04-03 18:12:46', '2015-01-15 01:04:51', 1950570, 'Kalskag', 0),
(161, 'Willman', 'seaplane, bandaging his head and giving him CPR', 109, '2014-01-28 21:29:32', '2015-01-08 01:13:56', 669811, 'Joelton', 2),
(162, 'Shirley', 'the last full measure of devotion  that we here highly resolve that these dead shall not ', 205, '2014-02-17 01:42:45', '2015-01-15 20:46:51', 2257640, 'Correctionville', 1),
(163, 'Nason', 'ive with a fairly high degree of personal bravery, as shown during his escape from Moscow when he consistently ou', 211, '2014-03-02 18:47:39', '2015-01-17 23:54:28', 39414, 'Daniels', 0),
(164, 'Sundberg', 'Four score and seven years ago our fathers brought forth on this continent, a new nation, ', 285, '2014-03-27 15:22:09', '2015-01-10 00:31:17', 1131920, 'Kenosha', 0),
(165, 'Doney', 'fears. In Heart of Archness:Pt 1, he saved Rip Riley from being attacked by a shark by pulling him out his destroyed ', 185, '2014-03-07 00:45:53', '2015-01-24 05:32:07', 1931250, 'West Grove', 0),
(166, 'Pelton', 'who contributed greatly to Archer''s parenting. Archer is voiced by H. Jon Benjamin.', 121, '2014-03-01 11:29:20', '2015-01-11 21:09:09', 753523, 'Hellertown', 2),
(167, 'Peres', 'As a result of this long classical education and friendlessness, Archer is surprisingly well-read.', 38, '2014-03-20 16:12:50', '2015-01-19 02:08:40', 2269170, 'Dyke', 0),
(168, 'Soileau', 'government of the people, by the people, for the people, shall not perish from the earth.', 53, '2014-04-12 05:15:40', '2015-01-08 08:08:00', 1794120, 'Anaconda', 0),
(169, 'Gregorio', 'who contributed greatly to Archer''s parenting. Archer is voiced by H. Jon Benjamin.', 231, '2014-04-11 00:35:06', '2015-01-09 14:52:25', 1959160, 'Blanco', 2),
(170, 'Hogan', 'here, but it can never forget what they did here. It is for us the living, rather, to be ', 3, '2014-03-15 10:15:29', '2015-01-25 04:31:57', 2074150, 'Hilmar', 0),
(171, 'Lim', 'In the Season 4 episode, Once Bitten, Sterling revisits his past led by a cut-rate James Mason, as his spirit ', 235, '2014-03-23 23:27:16', '2015-01-11 22:58:18', 771840, 'Borden', 1),
(172, 'Gilbreath', 'crying over the death of his slain rooster. The next time we see Archer, he is covered in dirt and carrying a shovel, ', 131, '2014-04-19 21:56:05', '2015-01-13 12:01:42', 2381850, 'Rush Springs', 2),
(173, 'Maki', ' We have come to dedicate a portion of that field, as a final resting place for those who ', 88, '2014-04-19 08:01:50', '2015-01-09 16:47:46', 774227, 'Port Hope', 0),
(174, 'Randle', 'ground. The brave men, living and dead, who struggled here, have consecrated it, far above ', 290, '2014-03-01 01:07:44', '2015-01-23 23:54:27', 355808, 'Sheridan Lake', 0),
(175, 'Mortenson', 'ive with a fairly high degree of personal bravery, as shown during his escape from Moscow when he consistently ou', 149, '2014-01-25 02:39:20', '2015-01-20 06:48:50', 212217, 'Hickman', 1),
(176, 'Marrs', 'who contributed greatly to Archer''s parenting. Archer is voiced by H. Jon Benjamin.', 86, '2014-02-04 01:33:39', '2015-01-21 10:04:02', 1078670, 'Saint Albans Bay', 2),
(177, 'Sistrunk', 'Archer is first and foremost completely focused on himself, his needs and desires. If he aids another person, it ', 258, '2014-03-08 20:18:12', '2015-01-17 08:36:05', 1717020, 'Raywick', 0),
(178, 'Brannan', 'though Malory Archer denies this) and used to have an on-again, off-again relationship with fellow agent Lana ', 130, '2014-02-03 09:20:04', '2015-01-22 22:00:49', 1410330, 'Peshastin', 0),
(179, 'Meadows', 'Archer has the less than masculine codename of "Duchess" (taken from his mother''s beloved Afghan wolfhound, ', 87, '2014-02-11 22:04:55', '2015-01-15 03:50:41', 1412990, 'Rhoadesville', 1),
(180, 'Kemper', 'we should do this.', 297, '2014-01-31 22:26:08', '2015-01-20 09:51:42', 581694, 'Meigs', 0),
(181, 'Horrocks', 'is always because he will somehow benefit. He does, however, insist upon compensating anyone from whom he commandeers ', 104, '2014-02-14 20:43:51', '2015-01-08 21:20:19', 1898680, 'Whitmire', 0),
(182, 'Forney', 'over-dependent on his mother. Archer believed for most of his life that his father was a deceased, ', 82, '2014-03-02 10:13:59', '2015-01-10 23:20:13', 1239120, 'Malibu', 1),
(183, 'Slate', 'for the Johns Hopkins lacrosse team, as well as being stalked and subsequently shot by a mysterious woman, Ruth ', 120, '2014-04-02 16:07:23', '2015-01-23 01:59:16', 1354720, 'Pompeys Pillar', 2),
(184, 'Perrone', 'and "three pounds of glass" in his feet. When he was finally cornered in an elevator, he blindfolded himself and fu', 155, '2014-01-28 16:58:46', '2015-01-09 04:46:23', 939587, 'Boscobel', 0),
(185, 'Rickey', 'over-dependent on his mother. Archer believed for most of his life that his father was a deceased, ', 251, '2014-04-24 02:45:52', '2015-01-15 23:48:22', 1750220, 'Craley', 1),
(186, 'Hinton', 'that from these honored dead we take increased devotion to that cause for which they gave ', 18, '2014-03-11 01:18:31', '2015-01-23 14:06:50', 357115, 'Elm Mott', 2),
(187, 'Halle', 'According to the episode, "Once Bitten" Sterling Archer was age six and celebrated his birthday ', 75, '2014-02-10 01:17:38', '2015-01-17 22:55:02', 337886, 'Salvo', 0),
(188, 'Shumate', 'decorated Navy pilot, John Fitzgerald Archer. It was revealed in Dial M for Mother that his father ', 161, '2014-04-01 11:44:19', '2015-01-14 21:54:45', 1939900, 'Sebring', 0),
(189, 'Manson', 'he establishes a friendship with a fellow cancer patient, Ruth. Another example of this is in Honeypot when Archer ', 184, '2014-03-12 17:58:56', '2015-01-17 18:33:12', 247860, 'Catoosa', 0),
(190, 'Alcaraz', 'may be KGB head Major Nikolai Jakov, ODIN director Len Trexler, or jazz drummer Buddy Rich. Later ', 18, '2014-02-05 02:10:09', '2015-01-16 14:19:52', 1405470, 'Gillett Grove', 1),
(191, 'Seibel', 'Anne Litzenberger. Sterling''s memories culminate in remembering his sixth birthday when his real father gave him ', 143, '2014-01-29 04:14:01', '2015-01-11 02:03:24', 1982810, 'Iva', 1),
(192, 'Camacho', 'guide. James shows Archer memories that Sterling had blocked out. These include a visit to Baltimore to try out', 126, '2014-03-01 07:23:01', '2015-01-21 02:08:29', 721755, 'Montverde', 2),
(193, 'Wheeler', 'may be KGB head Major Nikolai Jakov, ODIN director Len Trexler, or jazz drummer Buddy Rich. Later ', 48, '2014-03-24 08:05:08', '2015-01-12 17:52:43', 2075060, 'Lenhartsville', 2),
(194, 'Blackford', 'equipment or goods, although he does not always trade to them items they want or need.', 76, '2014-03-14 06:32:53', '2015-01-10 05:43:28', 1989580, 'Millheim', 1),
(195, 'Hackworth', '', 277, '2014-04-18 13:42:27', '2015-01-15 04:34:48', 1293060, 'Barberville', 2),
(196, 'Cool', 'guide. James shows Archer memories that Sterling had blocked out. These include a visit to Baltimore to try out', 74, '2014-04-05 02:42:39', '2015-01-21 16:04:16', 1325120, 'Rosharon', 2),
(197, 'Middleton', 'His relation with his mother Malory—who is also his boss at ISIS—is often strained, never sympathetic, ', 51, '2014-02-10 20:54:07', '2015-01-18 19:49:51', 911158, 'Tangerine', 1),
(198, 'Bowman', 'Archer is first and foremost completely focused on himself, his needs and desires. If he aids another person, it ', 95, '2014-03-10 06:18:14', '2015-01-17 03:46:51', 1841030, 'Flourtown', 0),
(199, 'Lorenzen', 'fears. In Heart of Archness:Pt 1, he saved Rip Riley from being attacked by a shark by pulling him out his destroyed ', 188, '2014-02-28 04:36:17', '2015-01-08 09:24:40', 1366750, 'Alcolu', 2),
(200, 'Cardoso', 'It is revealed in Fugue and Riffs that for a short period of time, he assumed the identity of Bob Belcher from the show Bob''s Burgers. The reason for this sudden life-change is that he entered a fugue state (stress-induced amnesia) following Malory''s wedd', 239, '2014-02-07 18:38:28', '2015-01-21 00:03:46', 366891, 'Catharpin', 2),
(201, 'Moore', 'over-dependent on his mother. Archer believed for most of his life that his father was a deceased, ', 161, '2014-04-24 18:23:01', '2015-01-19 08:12:33', 917373, 'Towanda', 0),
(202, 'Heck', 'have died in vain that this nation, under God, shall have a new birth of freedom and that ', 189, '2014-02-18 15:25:12', '2015-01-24 09:44:10', 430324, 'Fairborn', 1),
(203, 'Hildebrandt', 'conceived in Liberty, and dedicated to the proposition that all men are created equal.', 250, '2014-01-26 09:56:24', '2015-01-24 05:13:25', 1459870, 'Norma', 0),
(204, 'Shouse', 'is always because he will somehow benefit. He does, however, insist upon compensating anyone from whom he commandeers ', 166, '2014-02-23 02:13:12', '2015-01-15 20:13:41', 1364810, 'Wausau', 2),
(205, 'Guarino', 'Four score and seven years ago our fathers brought forth on this continent, a new nation, ', 106, '2014-04-16 20:36:27', '2015-01-17 00:33:44', 25483.1, 'Brackney', 0),
(206, 'Burkhalter', 'Archer is first and foremost completely focused on himself, his needs and desires. If he aids another person, it ', 84, '2014-03-27 22:00:16', '2015-01-11 10:34:36', 1741480, 'Rena Lara', 0),
(207, 'Rutkowski', 'graduating from Georgetown University, implying he is at least smart enough to receive a bachelors degree in an ', 297, '2014-03-07 00:51:11', '2015-01-07 14:26:30', 1760980, 'Coltons Point', 1),
(208, 'Hooper', 'According to the episode, "Once Bitten" Sterling Archer was age six and celebrated his birthday ', 209, '2014-03-18 18:37:08', '2015-01-13 08:25:41', 413543, 'Terral', 0),
(209, 'Donaldson', 'overthrew Guatemala''s government in 1954, making his birth year around 1948). He is a member of spy ', 276, '2014-04-07 09:46:33', '2015-01-16 00:11:19', 1874470, 'West Oneonta', 0),
(210, 'Withers', 'finds himself in a bar that hosts chicken-fighting matches. A big, weeping Dominican man is sitting next to him, ', 15, '2014-01-27 12:17:28', '2015-01-22 03:02:20', 2335430, 'Gray Court', 2),
(211, 'Morley', 'he establishes a friendship with a fellow cancer patient, Ruth. Another example of this is in Honeypot when Archer ', 225, '2014-02-22 06:36:31', '2015-01-12 21:14:20', 1003850, 'Tehama', 1),
(212, 'Herod', 'unknown major. Woodhouse is present, also implying he is a better parent to Sterling than Malory who was not present. ', 37, '2014-04-03 11:07:59', '2015-01-13 02:16:27', 508607, 'Bridal Veil', 2),
(213, 'Gilroy', 'As a result of this long classical education and friendlessness, Archer is surprisingly well-read.', 221, '2014-03-17 02:12:57', '2015-01-21 20:08:15', 1486570, 'Waveland', 1),
(214, 'Choate', 'alone, while his mother assisted in overthrowing the government of Guatemala (in reality the CIA ', 130, '2014-02-06 18:38:18', '2015-01-20 17:36:33', 899319, 'Donie', 1),
(215, 'Rath', 'may be KGB head Major Nikolai Jakov, ODIN director Len Trexler, or jazz drummer Buddy Rich. Later ', 289, '2014-02-15 18:35:46', '2015-01-23 19:32:21', 1242130, 'Tylersburg', 1),
(216, 'Sohn', 'finds himself in a bar that hosts chicken-fighting matches. A big, weeping Dominican man is sitting next to him, ', 126, '2014-02-09 17:11:02', '2015-01-25 01:07:40', 1997090, 'Coweta', 1),
(217, 'Hyden', 'decorated Navy pilot, John Fitzgerald Archer. It was revealed in Dial M for Mother that his father ', 155, '2014-02-03 00:22:47', '2015-01-23 11:12:27', 1978520, 'Klemme', 0),
(218, 'Bratcher', 'may be KGB head Major Nikolai Jakov, ODIN director Len Trexler, or jazz drummer Buddy Rich. Later ', 188, '2014-02-26 23:31:45', '2015-01-17 22:31:26', 633835, 'West Warren', 1),
(219, 'Luong', 'advanced. It is rather for us to be here dedicated to the great task remaining before us ', 206, '2014-04-16 14:19:49', '2015-01-07 13:00:59', 687356, 'Hogansburg', 0),
(220, 'Ivory', 'here, but it can never forget what they did here. It is for us the living, rather, to be ', 266, '2014-03-29 00:19:01', '2015-01-15 14:06:01', 190303, 'Dewittville', 2),
(221, 'Spinner', 'a stuffed alligator.  He, unfortunately, awakens before remembering his father''s face.', 48, '2014-02-23 16:50:40', '2015-01-11 05:56:52', 237652, 'Springview', 2),
(222, 'Radford', 'crying over the death of his slain rooster. The next time we see Archer, he is covered in dirt and carrying a shovel, ', 156, '2014-03-16 07:34:21', '2015-01-16 19:46:09', 2091220, 'Mitchells', 0),
(223, 'Haga', 'the last full measure of devotion  that we here highly resolve that these dead shall not ', 56, '2014-04-22 05:27:04', '2015-01-22 15:05:39', 870960, 'Ishpeming', 1),
(224, 'Hawkinson', 'over-dependent on his mother. Archer believed for most of his life that his father was a deceased, ', 155, '2014-03-27 18:12:13', '2015-01-15 12:03:09', 2075090, 'Pineview', 0),
(225, 'Quesada', 'dedicated here to the unfinished work which they who fought here have thus far so nobly ', 235, '2014-02-10 02:18:44', '2015-01-12 22:39:24', 1245830, 'Iuka', 1),
(226, 'Ma', 'alone, while his mother assisted in overthrowing the government of Guatemala (in reality the CIA ', 216, '2014-02-01 21:30:05', '2015-01-12 21:04:53', 787950, 'Mena', 1),
(227, 'Mcgill', 'have died in vain that this nation, under God, shall have a new birth of freedom and that ', 275, '2014-02-04 13:43:21', '2015-01-21 00:56:47', 1869580, 'Arab', 0),
(228, 'Barbee', 'Now we are engaged in a great civil war, testing whether that nation, or any nation so ', 4, '2014-01-26 06:38:21', '2015-01-11 23:35:47', 53199.4, 'Molt', 1),
(229, 'Roseman', 'Archer has the less than masculine codename of "Duchess" (taken from his mother''s beloved Afghan wolfhound, ', 209, '2014-03-20 13:36:36', '2015-01-21 17:23:00', 1368140, 'Kingsburg', 0),
(230, 'Jacinto', 'Although he has numerous personality flaws, such as insensitivity, egotism, and a casual attitude towards murdering ', 157, '2014-04-12 18:10:27', '2015-01-11 23:56:50', 1528700, 'Splendora', 0),
(231, 'Land', 'Anne Litzenberger. Sterling''s memories culminate in remembering his sixth birthday when his real father gave him ', 166, '2014-01-31 23:02:06', '2015-01-10 03:29:49', 2305090, 'Cory', 0),
(232, 'Mcguigan', 'fears. In Heart of Archness:Pt 1, he saved Rip Riley from being attacked by a shark by pulling him out his destroyed ', 235, '2014-02-02 19:32:42', '2015-01-20 15:05:35', 589252, 'Escalon', 0),
(233, 'Tobey', 'you, hmm? See, that''s how the world works dear, and I''m the only one you can trust.") making Archer ', 127, '2014-03-16 21:41:25', '2015-01-14 03:55:35', 289551, 'Champaign', 2),
(234, 'Strauss', 'graduating from Georgetown University, implying he is at least smart enough to receive a bachelors degree in an ', 282, '2014-02-17 20:34:28', '2015-01-12 11:36:09', 1695040, 'Smithshire', 0),
(235, 'Herbst', 'the last full measure of devotion  that we here highly resolve that these dead shall not ', 287, '2014-03-17 03:24:09', '2015-01-16 17:25:12', 1731900, 'Strongstown', 0),
(236, 'Oconnor', 'Archer is not completely devoid of a sensitive side however, as seen in Stage Two, when he believes that he may di', 280, '2014-04-11 12:58:01', '2015-01-13 10:39:13', 337428, 'Osawatomie', 0),
(237, 'Mccants', 'though Malory Archer denies this) and used to have an on-again, off-again relationship with fellow agent Lana ', 205, '2014-01-28 07:37:49', '2015-01-22 05:50:06', 1014930, 'Park Ridge', 0),
(238, 'Montanez', 'and sometimes bluntly abusive. It is implied that Archer was exposed to "negative reinforcement" when ', 205, '2014-02-15 01:48:38', '2015-01-23 01:02:01', 794755, 'Grayland', 2),
(239, 'Crump', 'and mentions that he spent all night helping a giant Domnican guy bury his rooster in the everglades, This becomes ', 62, '2014-02-22 06:57:54', '2015-01-14 23:08:20', 636967, 'Wahkiacus', 0),
(240, 'Cauley', 'for the Johns Hopkins lacrosse team, as well as being stalked and subsequently shot by a mysterious woman, Ruth ', 82, '2014-03-27 13:04:32', '2015-01-08 20:08:23', 465458, 'Beaver Dam', 2),
(241, 'Morin', 'As a result of this long classical education and friendlessness, Archer is surprisingly well-read.', 119, '2014-01-27 10:37:54', '2015-01-25 08:24:28', 319675, 'Chloe', 2),
(242, 'Torgerson', 'here, but it can never forget what they did here. It is for us the living, rather, to be ', 47, '2014-02-12 05:06:57', '2015-01-08 18:58:38', 461857, 'Port Carbon', 1),
(243, 'Geiger', 'Archer is not completely devoid of a sensitive side however, as seen in Stage Two, when he believes that he may di', 173, '2014-01-31 23:59:14', '2015-01-16 10:49:39', 439821, 'East Rutherford', 1),
(244, 'Bivens', 'who contributed greatly to Archer''s parenting. Archer is voiced by H. Jon Benjamin.', 96, '2014-03-15 20:10:02', '2015-01-17 15:09:45', 1879950, 'Dixonville', 0),
(245, 'Rael', 'Archer is not completely devoid of a sensitive side however, as seen in Stage Two, when he believes that he may di', 209, '2014-03-15 08:01:19', '2015-01-22 06:41:36', 686423, 'Palmerton', 1),
(246, 'Eckard', 'crying over the death of his slain rooster. The next time we see Archer, he is covered in dirt and carrying a shovel, ', 145, '2014-02-04 23:50:55', '2015-01-17 05:55:11', 2069230, 'Osage City', 0),
(247, 'Crump', ' Lana the last set of scuba gear and tells her he loves her before drowning to be rescucitated). Archer also bonds ', 163, '2014-03-23 06:51:31', '2015-01-16 04:24:35', 1105200, 'Newcomerstown', 1),
(248, 'Bergman', 'crying over the death of his slain rooster. The next time we see Archer, he is covered in dirt and carrying a shovel, ', 86, '2014-04-18 08:39:44', '2015-01-25 01:05:00', 451758, 'Huntertown', 0),
(249, 'Tremblay', 'the last full measure of devotion  that we here highly resolve that these dead shall not ', 273, '2014-03-21 11:15:11', '2015-01-13 05:29:27', 755686, 'Dutch Harbor', 0),
(250, 'Hermes', 'As a result of this long classical education and friendlessness, Archer is surprisingly well-read.', 143, '2014-03-08 01:29:33', '2015-01-16 08:05:49', 1953990, 'Hop Bottom', 1),
(251, 'Hillyer', 'for the Johns Hopkins lacrosse team, as well as being stalked and subsequently shot by a mysterious woman, Ruth ', 237, '2014-04-03 14:05:38', '2015-01-10 13:33:35', 1143050, 'Saxton', 2),
(252, 'Waters', 'As a result of this long classical education and friendlessness, Archer is surprisingly well-read.', 28, '2014-04-03 23:06:25', '2015-01-08 17:00:48', 1339910, 'Evergreen', 2),
(253, 'Blalock', 'is always because he will somehow benefit. He does, however, insist upon compensating anyone from whom he commandeers ', 171, '2014-02-18 17:54:09', '2015-01-17 19:20:56', 100530, 'State Park', 1),
(254, 'Hardee', 'alone, while his mother assisted in overthrowing the government of Guatemala (in reality the CIA ', 199, '2014-02-12 23:39:21', '2015-01-20 09:29:43', 966802, 'Mount Judea', 1),
(255, 'Womble', 'have died in vain that this nation, under God, shall have a new birth of freedom and that ', 62, '2014-02-16 18:19:58', '2015-01-15 09:42:03', 2383220, 'Lattimer Mines', 1);
INSERT INTO `task` (`task_id`, `task_name`, `task_notes`, `task_timesheet_id`, `task_start_time`, `task_end_time`, `task_work_time`, `task_location`, `task_status`) VALUES
(256, 'Dellinger', 'Archer has the less than masculine codename of "Duchess" (taken from his mother''s beloved Afghan wolfhound, ', 111, '2014-03-17 10:10:20', '2015-01-10 15:48:52', 2280360, 'Wilcoe', 1),
(257, 'Valentin', 'equipment or goods, although he does not always trade to them items they want or need.', 125, '2014-03-19 11:40:19', '2015-01-21 00:34:00', 1613900, 'Joffre', 0),
(258, 'Rone', 'anyone who crosses him (or even sometimes merely crosses his path), he is also undeniably an intuitively good operat', 79, '2014-04-13 06:04:20', '2015-01-18 03:51:05', 2084540, 'Gold Beach', 0),
(259, 'Bramlett', 'Archer is not completely devoid of a sensitive side however, as seen in Stage Two, when he believes that he may di', 262, '2014-04-20 02:20:24', '2015-01-11 22:00:26', 426116, 'Glendale', 2),
(260, 'Hanes', 'It is revealed in Fugue and Riffs that for a short period of time, he assumed the identity of Bob Belcher from the show Bob''s Burgers. The reason for this sudden life-change is that he entered a fugue state (stress-induced amnesia) following Malory''s wedd', 131, '2014-02-25 10:39:14', '2015-01-11 08:05:50', 747937, 'Birchrunville', 2),
(261, 'Wages', 'lly intended his last words to be "F*** you, you douchebags."', 116, '2014-03-23 10:23:20', '2015-01-09 07:11:33', 1959310, 'Taftsville', 1),
(262, 'Posey', 'conceived and so dedicated, can long endure. We are met on a great battle-field of that war.', 63, '2014-03-05 06:35:58', '2015-01-08 18:39:06', 860974, 'Dagus Mines', 1),
(263, 'Andes', 'Archer has the less than masculine codename of "Duchess" (taken from his mother''s beloved Afghan wolfhound, ', 26, '2014-03-24 07:00:17', '2015-01-18 17:24:09', 1354000, 'Wilsons', 1),
(264, 'Hannah', 'you, hmm? See, that''s how the world works dear, and I''m the only one you can trust.") making Archer ', 97, '2014-03-22 15:28:23', '2015-01-19 14:13:25', 1118330, 'New Troy', 1),
(265, 'Warnock', 'He spent up to fifteen years at boarding school, despite American schooling taking thirteen years. His hobby was ', 186, '2014-03-10 18:00:20', '2015-01-24 11:01:32', 1120150, 'Alva', 0),
(266, 'Delia', 'lly intended his last words to be "F*** you, you douchebags."', 39, '2014-03-07 09:13:17', '2015-01-19 19:07:55', 2138090, 'Davis', 2),
(267, 'Borg', 'a stuffed alligator.  He, unfortunately, awakens before remembering his father''s face.', 102, '2014-02-13 11:20:32', '2015-01-19 20:33:38', 245043, 'Wibaux', 0),
(268, 'Smock', 'is always because he will somehow benefit. He does, however, insist upon compensating anyone from whom he commandeers ', 230, '2014-03-05 13:40:30', '2015-01-18 16:18:17', 344155, 'Bruceville', 2),
(269, 'Kennard', 'He spent up to fifteen years at boarding school, despite American schooling taking thirteen years. His hobby was ', 141, '2014-02-19 00:35:55', '2015-01-19 17:36:53', 12352.9, 'Oglethorpe', 2),
(270, 'Twigg', 'crying over the death of his slain rooster. The next time we see Archer, he is covered in dirt and carrying a shovel, ', 108, '2014-04-23 20:02:47', '2015-01-17 04:16:44', 947421, 'Skull Valley', 0),
(271, 'Hagan', 'finds himself in a bar that hosts chicken-fighting matches. A big, weeping Dominican man is sitting next to him, ', 99, '2014-03-13 04:29:30', '2015-01-18 17:54:19', 271962, 'South Prairie', 1),
(272, 'Koerner', ' child, going so far as to have "Seamus" tattooed on his back in recognition of that affection.  Additionally, ', 60, '2014-02-24 16:25:53', '2015-01-20 06:12:06', 2278870, 'Larrabee', 1),
(273, 'Strader', 'conceived and so dedicated, can long endure. We are met on a great battle-field of that war.', 145, '2014-02-03 06:22:15', '2015-01-21 18:15:31', 484411, 'Magalia', 0),
(274, 'Pollock', 'He spent up to fifteen years at boarding school, despite American schooling taking thirteen years. His hobby was ', 281, '2014-03-16 19:18:29', '2015-01-13 06:49:44', 1608730, 'Westbrook', 1),
(275, 'Vanwinkle', 'anyone who crosses him (or even sometimes merely crosses his path), he is also undeniably an intuitively good operat', 287, '2014-03-05 09:43:05', '2015-01-20 05:36:37', 765359, 'Bassett', 1),
(276, 'Charette', 'dedicated here to the unfinished work which they who fought here have thus far so nobly ', 229, '2014-03-02 09:02:15', '2015-01-10 09:31:34', 965532, 'Cartwright', 0),
(277, 'Maroney', 'His relation with his mother Malory—who is also his boss at ISIS—is often strained, never sympathetic, ', 123, '2014-02-03 21:38:55', '2015-01-22 14:00:22', 542707, 'Glen Cove', 0),
(278, 'Mcnutt', 'who contributed greatly to Archer''s parenting. Archer is voiced by H. Jon Benjamin.', 181, '2014-02-19 09:21:51', '2015-01-12 21:16:05', 1018650, 'Aitkin', 2),
(279, 'Hembree', 'Now we are engaged in a great civil war, testing whether that nation, or any nation so ', 98, '2014-04-12 12:24:39', '2015-01-12 13:35:59', 1988390, 'Asherton', 1),
(280, 'Trujillo', 'here, but it can never forget what they did here. It is for us the living, rather, to be ', 89, '2014-02-12 22:54:53', '2015-01-21 13:38:21', 2122700, 'Villa Maria', 1),
(281, 'Yingling', 'His relation with his mother Malory—who is also his boss at ISIS—is often strained, never sympathetic, ', 62, '2014-03-06 18:53:06', '2015-01-15 15:39:21', 1513500, 'Red Banks', 1),
(282, 'Shelley', 'agency "ISIS," located in New York City. ', 240, '2014-04-01 14:41:55', '2015-01-13 03:49:58', 587382, 'Saint Maurice', 2),
(283, 'Glasscock', ' from breast cancer, he demonstrates considerable regret at his treatment of his co-workers at ISIS, buying Pam and ', 224, '2014-03-28 08:05:05', '2015-01-21 09:32:51', 362095, 'Claypool', 0),
(284, 'Talbot', 'overthrew Guatemala''s government in 1954, making his birth year around 1948). He is a member of spy ', 105, '2014-04-13 15:36:31', '2015-01-24 15:39:08', 1658530, 'Chula Vista', 2),
(285, 'Lanham', 'His relation with his mother Malory—who is also his boss at ISIS—is often strained, never sympathetic, ', 10, '2014-02-20 04:39:23', '2015-01-13 19:45:26', 880950, 'Gold Beach', 2),
(286, 'Crochet', 'advanced. It is rather for us to be here dedicated to the great task remaining before us ', 202, '2014-01-27 09:55:11', '2015-01-21 16:30:35', 1464000, 'Mililani', 1),
(287, 'Winkler', 'Now we are engaged in a great civil war, testing whether that nation, or any nation so ', 218, '2014-04-13 02:22:45', '2015-01-19 18:52:37', 402064, 'Salinas', 2),
(288, 'Maldonado', 'the last full measure of devotion  that we here highly resolve that these dead shall not ', 50, '2014-04-24 14:47:24', '2015-01-18 22:25:36', 2382040, 'Mount Morris', 2),
(289, 'Standley', 'that from these honored dead we take increased devotion to that cause for which they gave ', 75, '2014-04-08 19:39:55', '2015-01-13 08:36:30', 1836410, 'Pine Mountain Valley', 2),
(290, 'Lott', 'our poor power to add or detract. The world will little note, nor long remember what we say ', 23, '2014-04-06 15:45:38', '2015-01-20 11:02:05', 2149140, 'Brookton', 1),
(291, 'Garretson', 'lacrosse, although flashbacks have indicated he had few friends. A picture of Archer in Placebo Effect shows Archer ', 293, '2014-02-22 11:03:33', '2015-01-18 04:45:44', 394443, 'Clearlake Park', 2),
(292, 'Portis', ' Lana the last set of scuba gear and tells her he loves her before drowning to be rescucitated). Archer also bonds ', 210, '2014-03-29 22:15:19', '2015-01-14 02:34:26', 2066460, 'Justiceburg', 2),
(293, 'Foltz', 'In the Season 4 episode, Once Bitten, Sterling revisits his past led by a cut-rate James Mason, as his spirit ', 126, '2014-02-13 18:44:19', '2015-01-11 22:15:31', 1341820, 'Gassville', 2),
(294, 'Matlock', 'agency "ISIS," located in New York City. ', 168, '2014-02-08 03:04:48', '2015-01-19 20:53:39', 882317, 'Modesto', 0),
(295, 'Calabro', 'It is revealed in Fugue and Riffs that for a short period of time, he assumed the identity of Bob Belcher from the show Bob''s Burgers. The reason for this sudden life-change is that he entered a fugue state (stress-induced amnesia) following Malory''s wedd', 125, '2014-01-25 12:00:51', '2015-01-10 12:07:38', 1945260, 'Menomonie', 1),
(296, 'Dupont', 'seaplane, bandaging his head and giving him CPR', 182, '2014-03-26 13:55:29', '2015-01-12 06:27:18', 611265, 'Greensburg', 2),
(297, 'Luce', 'added to the list of possible fathers was an unnamed young Italian man who was gunned down in the ', 95, '2014-03-31 14:49:44', '2015-01-08 14:30:24', 2066300, 'Penn Laird', 1),
(298, 'Ledezma', 'As a result of this long classical education and friendlessness, Archer is surprisingly well-read.', 115, '2014-04-06 12:51:41', '2015-01-22 17:19:29', 416598, 'Nogal', 1),
(299, 'Hecht', 'Kane, which makes their working environment tenuous and difficult. At home, he employs an aging valet, Woodhouse ', 50, '2014-04-17 17:15:32', '2015-01-09 23:38:44', 431098, 'Charenton', 1),
(300, 'Gibson', 'lly intended his last words to be "F*** you, you douchebags."', 72, '2014-01-28 11:50:41', '2015-01-07 22:10:53', 42119.7, 'Lacoochee', 0),
(301, 'Faucher', ' Lana the last set of scuba gear and tells her he loves her before drowning to be rescucitated). Archer also bonds ', 272, '2014-03-16 07:00:47', '2015-01-21 20:54:04', 449551, 'Crocketville', 0),
(302, 'Given', 'In the Season 4 episode, Once Bitten, Sterling revisits his past led by a cut-rate James Mason, as his spirit ', 151, '2014-04-12 12:12:46', '2015-01-24 05:18:44', 856603, 'Granite Springs', 2),
(303, 'Hollander', 'agency "ISIS," located in New York City. ', 164, '2014-01-26 00:55:58', '2015-01-13 07:44:28', 1710420, 'Boiceville', 1),
(304, 'Holter', 'added to the list of possible fathers was an unnamed young Italian man who was gunned down in the ', 200, '2014-03-11 12:11:10', '2015-01-23 23:36:52', 2123590, 'Goltry', 0),
(305, 'Moreno', 'Four score and seven years ago our fathers brought forth on this continent, a new nation, ', 109, '2014-04-22 04:29:35', '2015-01-17 14:44:28', 1025810, 'Driftwood', 2),
(306, 'Garrido', 'guide. James shows Archer memories that Sterling had blocked out. These include a visit to Baltimore to try out', 174, '2014-01-28 14:22:04', '2015-01-11 23:35:37', 2045840, 'Farnham', 1),
(307, 'Speck', 'It is revealed in Fugue and Riffs that for a short period of time, he assumed the identity of Bob Belcher from the show Bob''s Burgers. The reason for this sudden life-change is that he entered a fugue state (stress-induced amnesia) following Malory''s wedd', 25, '2014-02-22 19:18:03', '2015-01-18 14:35:16', 637589, 'Krebs', 1),
(308, 'Bedford', 'streets of Italy and had "blue eyes, full lips and thick wavy hair".[1]', 193, '2014-02-16 09:14:40', '2015-01-21 18:21:55', 1197130, 'Adirondack', 2),
(309, 'Nobles', 'that from these honored dead we take increased devotion to that cause for which they gave ', 20, '2014-02-12 02:35:47', '2015-01-17 03:04:32', 2099880, 'Calliham', 0),
(310, 'Sickler', 'and "three pounds of glass" in his feet. When he was finally cornered in an elevator, he blindfolded himself and fu', 295, '2014-03-16 06:41:05', '2015-01-20 00:39:17', 1179370, 'Kerhonkson', 0),
(311, 'Carvalho', 'and "three pounds of glass" in his feet. When he was finally cornered in an elevator, he blindfolded himself and fu', 151, '2014-04-11 18:45:09', '2015-01-25 08:06:33', 161501, 'Gig Harbor', 0),
(312, 'Monk', 'government of the people, by the people, for the people, shall not perish from the earth.', 194, '2014-04-24 19:26:27', '2015-01-08 23:47:45', 892399, 'Violet Hill', 2),
(313, 'Saenz', 'ground. The brave men, living and dead, who struggled here, have consecrated it, far above ', 179, '2014-03-16 06:46:30', '2015-01-25 02:42:10', 521767, 'Carmichaels', 1),
(314, 'Newby', 'even more heart warming in hindsight after the second season reveal that alligators are one of Archer''s three biggest ', 234, '2014-02-03 22:38:50', '2015-01-20 18:43:55', 2353120, 'Etlan', 2),
(315, 'Mele', 'have died in vain that this nation, under God, shall have a new birth of freedom and that ', 223, '2014-03-23 03:48:08', '2015-01-16 09:58:46', 1776280, 'Pilot Mound', 2),
(316, 'Swope', 'for the Johns Hopkins lacrosse team, as well as being stalked and subsequently shot by a mysterious woman, Ruth ', 251, '2014-04-21 09:19:17', '2015-01-21 19:01:00', 2190620, 'Bartelso', 1),
(317, 'Keele', 'dedicated here to the unfinished work which they who fought here have thus far so nobly ', 221, '2014-02-22 08:36:22', '2015-01-11 16:10:19', 1236040, 'Livingston Manor', 0),
(318, 'Gable', 'Four score and seven years ago our fathers brought forth on this continent, a new nation, ', 223, '2014-04-20 21:51:48', '2015-01-15 01:48:43', 2239940, 'Perry Hall', 0),
(319, 'Leath', ' We have come to dedicate a portion of that field, as a final resting place for those who ', 281, '2014-03-31 13:05:25', '2015-01-12 03:37:21', 746599, 'Lynn Haven', 0),
(320, 'Bolanos', 'here gave their lives that that nation might live. It is altogether fitting and proper that ', 29, '2014-04-14 15:33:24', '2015-01-16 16:53:23', 1037240, 'Rexford', 2),
(321, 'Gladney', 'he was growing up by Malory in The Double Deuce (Malory denies Seamus a toy, saying, "Did somebody trick ', 141, '2014-04-06 09:47:30', '2015-01-20 07:46:55', 570487, 'Huddy', 2),
(322, 'Hargett', 'have died in vain that this nation, under God, shall have a new birth of freedom and that ', 104, '2014-04-08 10:04:01', '2015-01-14 03:37:51', 2026210, 'Avon Park', 1),
(323, 'Caruso', 'alone, while his mother assisted in overthrowing the government of Guatemala (in reality the CIA ', 126, '2014-02-10 23:22:50', '2015-01-16 06:12:42', 431691, 'Platteville', 0),
(324, 'Eads', 'and mentions that he spent all night helping a giant Domnican guy bury his rooster in the everglades, This becomes ', 298, '2014-01-27 00:56:34', '2015-01-14 16:01:33', 278576, 'Stockland', 0),
(325, 'Paradise', 'His relation with his mother Malory—who is also his boss at ISIS—is often strained, never sympathetic, ', 298, '2014-02-20 22:09:33', '2015-01-23 23:34:53', 560107, 'York Haven', 0),
(326, 'Plumlee', 'finds himself in a bar that hosts chicken-fighting matches. A big, weeping Dominican man is sitting next to him, ', 230, '2014-04-22 15:06:57', '2015-01-21 15:40:29', 249855, 'Cave City', 2),
(327, 'Seagraves', 'is always because he will somehow benefit. He does, however, insist upon compensating anyone from whom he commandeers ', 220, '2014-02-03 21:33:47', '2015-01-15 20:40:16', 348667, 'Calamus', 1),
(328, 'Lange', 'seaplane, bandaging his head and giving him CPR', 245, '2014-02-08 22:24:02', '2015-01-11 00:47:12', 112502, 'Palatka', 1),
(329, 'Norvell', 'over-dependent on his mother. Archer believed for most of his life that his father was a deceased, ', 208, '2014-02-10 19:39:38', '2015-01-14 23:22:10', 1785120, 'Granville Summit', 1),
(330, 'Garibay', 'dedicated here to the unfinished work which they who fought here have thus far so nobly ', 267, '2014-02-11 14:59:38', '2015-01-15 15:10:49', 2349690, 'Edinboro', 2),
(331, 'Helfrich', 'added to the list of possible fathers was an unnamed young Italian man who was gunned down in the ', 188, '2014-03-19 04:39:09', '2015-01-17 11:40:29', 947190, 'Monponsett', 2),
(332, 'Cutshall', 'Archer has the less than masculine codename of "Duchess" (taken from his mother''s beloved Afghan wolfhound, ', 162, '2014-03-19 14:58:33', '2015-01-11 13:17:01', 475779, 'Voluntown', 1),
(333, 'Kellner', 'Kane, which makes their working environment tenuous and difficult. At home, he employs an aging valet, Woodhouse ', 52, '2014-04-08 10:22:23', '2015-01-23 00:41:40', 983646, 'Luthersburg', 0),
(334, 'Stockton', 'he establishes a friendship with a fellow cancer patient, Ruth. Another example of this is in Honeypot when Archer ', 89, '2014-04-07 09:48:33', '2015-01-20 13:08:01', 1566760, 'Burlington', 1),
(335, 'Mclain', ' from breast cancer, he demonstrates considerable regret at his treatment of his co-workers at ISIS, buying Pam and ', 13, '2014-04-01 03:47:19', '2015-01-11 01:38:46', 1222150, 'Stockport', 2),
(336, 'Jorge', 'seaplane, bandaging his head and giving him CPR', 256, '2014-02-03 07:50:22', '2015-01-14 09:22:39', 1044060, 'Solomon', 2),
(337, 'Archibald', 'the last full measure of devotion  that we here highly resolve that these dead shall not ', 67, '2014-03-14 12:29:55', '2015-01-25 06:51:21', 601000, 'Leopold', 1),
(338, 'Corrales', 'streets of Italy and had "blue eyes, full lips and thick wavy hair".[1]', 82, '2014-03-18 21:47:43', '2015-01-17 06:16:17', 430318, 'Tarzan', 2),
(339, 'Magill', 'the last full measure of devotion  that we here highly resolve that these dead shall not ', 41, '2014-03-26 12:14:09', '2015-01-23 22:45:33', 1100970, 'Palmer Lake', 0),
(340, 'Baum', 'lly intended his last words to be "F*** you, you douchebags."', 45, '2014-01-27 04:17:16', '2015-01-10 02:40:49', 1231870, 'Anmoore', 0),
(341, 'Capers', ' child, going so far as to have "Seamus" tattooed on his back in recognition of that affection.  Additionally, ', 255, '2014-04-03 06:21:53', '2015-01-18 06:54:06', 1627730, 'Delta', 1),
(342, 'Harry', 'even more heart warming in hindsight after the second season reveal that alligators are one of Archer''s three biggest ', 244, '2014-04-14 23:18:38', '2015-01-15 01:04:46', 1208500, 'Collierville', 1),
(343, 'Schuman', 'our poor power to add or detract. The world will little note, nor long remember what we say ', 78, '2014-03-15 09:23:01', '2015-01-12 20:56:16', 1443650, 'Pippa Passes', 2),
(344, 'Rodrigue', 'guide. James shows Archer memories that Sterling had blocked out. These include a visit to Baltimore to try out', 154, '2014-02-11 05:44:28', '2015-01-17 16:33:10', 192627, 'Naponee', 0),
(345, 'Brewton', 'here gave their lives that that nation might live. It is altogether fitting and proper that ', 79, '2014-04-13 06:25:24', '2015-01-17 23:37:54', 1212260, 'New Bavaria', 1),
(346, 'Monaco', ' We have come to dedicate a portion of that field, as a final resting place for those who ', 183, '2014-03-14 08:50:19', '2015-01-15 13:47:40', 1133680, 'Botsford', 0),
(347, 'Maines', 'though Malory Archer denies this) and used to have an on-again, off-again relationship with fellow agent Lana ', 290, '2014-03-13 08:44:50', '2015-01-07 23:51:21', 1655390, 'Minster', 1),
(348, 'Legrand', 'here, but it can never forget what they did here. It is for us the living, rather, to be ', 224, '2014-04-21 11:44:44', '2015-01-12 12:06:24', 1593300, 'Carrolltown', 0),
(349, 'Osorio', 'equipment or goods, although he does not always trade to them items they want or need.', 259, '2014-02-19 13:15:05', '2015-01-23 17:35:38', 2210260, 'Macdoel', 1),
(350, 'Brice', 'our poor power to add or detract. The world will little note, nor long remember what we say ', 17, '2014-04-16 18:59:15', '2015-01-12 22:24:09', 1951760, 'Centrahoma', 0),
(351, 'Tafoya', ' Lana the last set of scuba gear and tells her he loves her before drowning to be rescucitated). Archer also bonds ', 6, '2014-04-05 09:57:56', '2015-01-22 20:56:14', 2073950, 'Taholah', 0),
(352, 'Bell', 'In the Season 4 episode, Once Bitten, Sterling revisits his past led by a cut-rate James Mason, as his spirit ', 103, '2014-02-09 19:58:20', '2015-01-16 08:12:11', 1677760, 'New Rumley', 1),
(353, 'Hass', 'who contributed greatly to Archer''s parenting. Archer is voiced by H. Jon Benjamin.', 80, '2014-03-06 13:33:06', '2015-01-18 07:05:15', 1247910, 'Ringgold', 1),
(354, 'Gravitt', 'and sometimes bluntly abusive. It is implied that Archer was exposed to "negative reinforcement" when ', 78, '2014-04-12 20:29:27', '2015-01-11 14:38:24', 372878, 'Gile', 0),
(355, 'Seaver', 'have died in vain that this nation, under God, shall have a new birth of freedom and that ', 115, '2014-03-10 22:48:14', '2015-01-18 11:21:20', 1582320, 'Casmalia', 2),
(356, 'Hadlock', 'ive with a fairly high degree of personal bravery, as shown during his escape from Moscow when he consistently ou', 152, '2014-02-16 02:13:00', '2015-01-25 09:27:13', 1203390, 'Macomb', 2),
(357, 'Barfield', 'Anne Litzenberger. Sterling''s memories culminate in remembering his sixth birthday when his real father gave him ', 87, '2014-04-08 04:09:02', '2015-01-21 20:09:41', 658636, 'Big Sandy', 1),
(358, 'Kelton', '', 5, '2014-04-07 02:12:24', '2015-01-08 11:59:37', 8043.89, 'Bode', 1),
(359, 'Legrand', 'Cheryl bunches of roses and later stating to Lana Kane that he still loves her (also in the season 4 finale he gives', 67, '2014-04-15 19:09:06', '2015-01-11 04:02:04', 2383340, 'Squirrel', 2),
(360, 'Cintron', 'he establishes a friendship with a fellow cancer patient, Ruth. Another example of this is in Honeypot when Archer ', 42, '2014-01-30 00:24:01', '2015-01-10 06:13:09', 666501, 'Ripley', 2),
(361, 'Paulk', 'advanced. It is rather for us to be here dedicated to the great task remaining before us ', 284, '2014-04-09 16:00:02', '2015-01-19 22:36:51', 1321080, 'Council Grove', 0),
(362, 'Wilds', 'Cheryl bunches of roses and later stating to Lana Kane that he still loves her (also in the season 4 finale he gives', 251, '2014-03-21 23:07:08', '2015-01-10 21:41:57', 1819820, 'Fingal', 0),
(363, 'Pilgrim', 'he establishes a friendship with a fellow cancer patient, Ruth. Another example of this is in Honeypot when Archer ', 273, '2014-02-10 05:01:24', '2015-01-18 17:38:54', 450444, 'Kinde', 0),
(364, 'Wardell', 'agency "ISIS," located in New York City. ', 256, '2014-01-27 06:34:06', '2015-01-23 22:36:41', 302261, 'Pekin', 1),
(365, 'Dawson', 'Kane, which makes their working environment tenuous and difficult. At home, he employs an aging valet, Woodhouse ', 138, '2014-04-23 18:10:44', '2015-01-17 13:59:41', 271767, 'San Carlos', 2),
(366, 'Neilson', 'here, but it can never forget what they did here. It is for us the living, rather, to be ', 278, '2014-04-02 20:20:09', '2015-01-18 12:44:35', 1735010, 'Fort Lupton', 0),
(367, 'Whitmer', 'for the Johns Hopkins lacrosse team, as well as being stalked and subsequently shot by a mysterious woman, Ruth ', 4, '2014-03-20 20:33:32', '2015-01-24 08:37:14', 2238920, 'Gotha', 1),
(368, 'Delatorre', 'Although he has numerous personality flaws, such as insensitivity, egotism, and a casual attitude towards murdering ', 287, '2014-02-01 10:53:31', '2015-01-21 20:29:29', 84737.1, 'Cartersburg', 1),
(369, 'Wesley', 'our poor power to add or detract. The world will little note, nor long remember what we say ', 76, '2014-04-04 13:53:16', '2015-01-21 03:36:08', 254437, 'Lake Charles', 0),
(370, 'Mcgowen', 'here gave their lives that that nation might live. It is altogether fitting and proper that ', 61, '2014-02-05 01:05:26', '2015-01-23 11:51:44', 193953, 'Valmeyer', 0),
(371, 'Thach', 'Cheryl bunches of roses and later stating to Lana Kane that he still loves her (also in the season 4 finale he gives', 93, '2014-03-03 20:01:22', '2015-01-12 15:07:31', 812627, 'Swedesboro', 1),
(372, 'Partlow', 'added to the list of possible fathers was an unnamed young Italian man who was gunned down in the ', 139, '2014-03-27 01:40:03', '2015-01-23 19:28:15', 2114210, 'Hathaway', 2),
(373, 'Runyan', 'guide. James shows Archer memories that Sterling had blocked out. These include a visit to Baltimore to try out', 286, '2014-03-29 16:27:14', '2015-01-20 10:29:06', 170719, 'Silver Lake', 0),
(374, 'Mcfall', 'though Malory Archer denies this) and used to have an on-again, off-again relationship with fellow agent Lana ', 83, '2014-02-11 18:44:30', '2015-01-10 07:32:32', 2150520, 'Haywood', 0),
(375, 'Wurth', 'crying over the death of his slain rooster. The next time we see Archer, he is covered in dirt and carrying a shovel, ', 234, '2014-04-15 15:48:16', '2015-01-23 13:05:09', 2104630, 'Glen Campbell', 2),
(376, 'Sheldon', 'streets of Italy and had "blue eyes, full lips and thick wavy hair".[1]', 28, '2014-04-03 13:18:55', '2015-01-24 00:54:38', 1067850, 'Cayuse', 2),
(377, 'Shackleford', 'equipment or goods, although he does not always trade to them items they want or need.', 118, '2014-02-22 01:19:48', '2015-01-24 15:26:32', 2242120, 'Halcottsville', 1),
(378, 'Scheffler', 'over-dependent on his mother. Archer believed for most of his life that his father was a deceased, ', 141, '2014-04-20 04:46:21', '2015-01-09 22:01:11', 360846, 'Hodge', 2),
(379, 'Merriman', 'even more heart warming in hindsight after the second season reveal that alligators are one of Archer''s three biggest ', 181, '2014-02-21 06:25:08', '2015-01-08 12:10:36', 1043900, 'Woodstock Valley', 1),
(380, 'Harden', 'Archer is first and foremost completely focused on himself, his needs and desires. If he aids another person, it ', 79, '2014-04-08 06:22:53', '2015-01-09 03:55:20', 911036, 'Naperville', 1),
(381, 'Shupe', 'conceived and so dedicated, can long endure. We are met on a great battle-field of that war.', 182, '2014-02-06 02:05:34', '2015-01-08 09:01:21', 73395.6, 'Morattico', 2),
(382, 'Kittrell', 'conceived and so dedicated, can long endure. We are met on a great battle-field of that war.', 241, '2014-04-10 08:47:30', '2015-01-09 15:16:51', 1643910, 'Camanche', 1),
(383, 'Buell', 'for the Johns Hopkins lacrosse team, as well as being stalked and subsequently shot by a mysterious woman, Ruth ', 51, '2014-04-22 00:30:21', '2015-01-10 07:49:17', 653928, 'Axton', 0),
(384, 'Holifield', 'lacrosse, although flashbacks have indicated he had few friends. A picture of Archer in Placebo Effect shows Archer ', 29, '2014-04-09 11:32:12', '2015-01-12 05:22:02', 573382, 'Holtwood', 0),
(385, 'Reaves', 'here gave their lives that that nation might live. It is altogether fitting and proper that ', 248, '2014-04-01 14:26:41', '2015-01-19 15:31:29', 138474, 'Upper Marlboro', 0),
(386, 'Lydon', 'fears. In Heart of Archness:Pt 1, he saved Rip Riley from being attacked by a shark by pulling him out his destroyed ', 1, '2014-04-14 06:31:56', '2015-01-25 05:03:45', 620930, 'Clearview City', 1),
(387, 'Pritchard', 'the last full measure of devotion  that we here highly resolve that these dead shall not ', 18, '2014-02-09 16:49:46', '2015-01-19 05:11:37', 116120, 'Okanogan', 2),
(388, 'Zayas', 'anyone who crosses him (or even sometimes merely crosses his path), he is also undeniably an intuitively good operat', 127, '2014-02-21 09:34:38', '2015-01-22 15:51:24', 1110710, 'New Ipswich', 0),
(389, 'Westover', 'ive with a fairly high degree of personal bravery, as shown during his escape from Moscow when he consistently ou', 149, '2014-03-27 20:12:45', '2015-01-17 20:59:52', 294533, 'Redondo', 1),
(390, 'Murdoch', 'you, hmm? See, that''s how the world works dear, and I''m the only one you can trust.") making Archer ', 148, '2014-03-18 19:51:10', '2015-01-10 18:51:01', 1201340, 'Mount Summit', 1),
(391, 'Fannin', 'and mentions that he spent all night helping a giant Domnican guy bury his rooster in the everglades, This becomes ', 22, '2014-02-19 12:16:47', '2015-01-08 19:13:02', 1931750, 'Wadsworth', 2),
(392, 'Loera', ' We have come to dedicate a portion of that field, as a final resting place for those who ', 231, '2014-02-19 03:25:25', '2015-01-22 07:45:08', 930389, 'Santa Paula', 0),
(393, 'Bundy', 'agency "ISIS," located in New York City. ', 77, '2014-03-17 11:20:56', '2015-01-17 21:14:26', 1718630, 'Hookstown', 1),
(394, 'Depew', 'our poor power to add or detract. The world will little note, nor long remember what we say ', 123, '2014-04-24 20:44:13', '2015-01-20 21:52:52', 2258790, 'Vancouver', 1),
(395, 'Hiatt', 'here gave their lives that that nation might live. It is altogether fitting and proper that ', 60, '2014-03-23 01:52:17', '2015-01-08 02:33:58', 2372650, 'West Blocton', 1),
(396, 'Raymer', 'twitted and outfought the numerous soldiers dispatched to recapture him despite never having a functional firearm ', 111, '2014-02-19 18:07:20', '2015-01-21 11:09:53', 566022, 'Vail', 1),
(397, 'Pleasant', 'the last full measure of devotion  that we here highly resolve that these dead shall not ', 286, '2014-01-24 13:55:50', '2015-01-17 21:48:06', 1745700, 'Coxsackie', 2),
(398, 'Summerlin', 'conceived in Liberty, and dedicated to the proposition that all men are created equal.', 176, '2014-03-24 03:17:33', '2015-01-12 13:08:27', 18498.8, 'Burneyville', 1),
(399, 'Buie', 'dedicated here to the unfinished work which they who fought here have thus far so nobly ', 191, '2014-03-18 10:44:37', '2015-01-11 13:39:52', 1030540, 'Random Lake', 0),
(400, 'Peabody', 'here gave their lives that that nation might live. It is altogether fitting and proper that ', 48, '2014-02-28 04:50:37', '2015-01-22 17:57:21', 290086, 'Karnak', 2),
(401, 'Steward', 'government of the people, by the people, for the people, shall not perish from the earth.', 191, '2014-03-19 16:09:36', '2015-01-17 13:58:49', 1030580, 'Gwynn', 1),
(402, 'Chestnut', 'He spent up to fifteen years at boarding school, despite American schooling taking thirteen years. His hobby was ', 167, '2014-03-20 07:45:12', '2015-01-25 01:21:58', 2381200, 'Mule Creek', 1),
(403, 'Kaye', 'Now we are engaged in a great civil war, testing whether that nation, or any nation so ', 236, '2014-03-12 02:09:42', '2015-01-15 00:41:08', 817017, 'East Bank', 2),
(404, 'Swan', '', 234, '2014-02-05 08:53:01', '2015-01-21 05:44:12', 113946, 'Edmondson', 0),
(405, 'Oster', 'even more heart warming in hindsight after the second season reveal that alligators are one of Archer''s three biggest ', 168, '2014-04-24 16:21:50', '2015-01-17 22:49:30', 1160630, 'Brucetown', 0),
(406, 'Lowther', 'He spent up to fifteen years at boarding school, despite American schooling taking thirteen years. His hobby was ', 170, '2014-03-06 00:28:40', '2015-01-18 05:02:35', 275218, 'East Candia', 2),
(407, 'Thies', 'that from these honored dead we take increased devotion to that cause for which they gave ', 76, '2014-04-08 21:30:53', '2015-01-15 17:33:12', 801576, 'Ider', 1),
(408, 'Cromer', 'may be KGB head Major Nikolai Jakov, ODIN director Len Trexler, or jazz drummer Buddy Rich. Later ', 171, '2014-03-22 01:39:48', '2015-01-22 09:52:08', 2175180, 'Punta Santiago', 1),
(409, 'Dehart', 'dedicated here to the unfinished work which they who fought here have thus far so nobly ', 54, '2014-04-10 22:59:42', '2015-01-21 11:08:04', 2268470, 'Monarch', 2),
(410, 'Dagostino', 'the last full measure of devotion  that we here highly resolve that these dead shall not ', 166, '2014-02-17 17:56:57', '2015-01-16 04:24:29', 1079070, 'Hiawassee', 2),
(411, 'Ricketts', 'fears. In Heart of Archness:Pt 1, he saved Rip Riley from being attacked by a shark by pulling him out his destroyed ', 253, '2014-04-17 04:19:04', '2015-01-12 07:56:31', 986252, 'Camp Dennison', 2),
(412, 'Ung', 'According to the episode, "Once Bitten" Sterling Archer was age six and celebrated his birthday ', 173, '2014-03-07 00:43:42', '2015-01-24 03:27:49', 1188270, 'Ocean Shores', 1),
(413, 'Singletary', 'graduating from Georgetown University, implying he is at least smart enough to receive a bachelors degree in an ', 45, '2014-04-08 06:37:48', '2015-01-13 23:27:28', 644575, 'Theresa', 1),
(414, 'Auld', 'advanced. It is rather for us to be here dedicated to the great task remaining before us ', 51, '2014-03-26 22:46:34', '2015-01-17 13:26:51', 2360840, 'Sewickley', 0),
(415, 'Durkin', 'even more heart warming in hindsight after the second season reveal that alligators are one of Archer''s three biggest ', 170, '2014-02-12 16:12:37', '2015-01-22 21:16:29', 2305640, 'Cross City', 2),
(416, 'Paradis', ' Lana the last set of scuba gear and tells her he loves her before drowning to be rescucitated). Archer also bonds ', 164, '2014-04-02 21:45:00', '2015-01-16 17:22:55', 1155900, 'Erwinna', 0),
(417, 'Sorrells', 'Anne Litzenberger. Sterling''s memories culminate in remembering his sixth birthday when his real father gave him ', 101, '2014-03-18 19:58:16', '2015-01-18 18:05:38', 673972, 'Bondsville', 2),
(418, 'Arthur', 'and sometimes bluntly abusive. It is implied that Archer was exposed to "negative reinforcement" when ', 229, '2014-04-06 23:41:29', '2015-01-13 07:53:52', 1427490, 'Ravenel', 0),
(419, 'Harrold', 'ive with a fairly high degree of personal bravery, as shown during his escape from Moscow when he consistently ou', 191, '2014-02-08 12:57:25', '2015-01-12 20:43:33', 1852210, 'Jim Falls', 2),
(420, 'Francis', 'have died in vain that this nation, under God, shall have a new birth of freedom and that ', 280, '2014-02-06 06:31:27', '2015-01-18 20:14:08', 1044980, 'Gilbertville', 0),
(421, 'Casiano', ' We have come to dedicate a portion of that field, as a final resting place for those who ', 240, '2014-04-13 05:50:44', '2015-01-24 11:05:28', 512253, 'Cotopaxi', 0),
(422, 'Forte', 'alone, while his mother assisted in overthrowing the government of Guatemala (in reality the CIA ', 117, '2014-02-18 03:33:15', '2015-01-22 21:14:43', 99543.3, 'Strunk', 0),
(423, 'Vieira', 'he was growing up by Malory in The Double Deuce (Malory denies Seamus a toy, saying, "Did somebody trick ', 141, '2014-02-14 08:26:50', '2015-01-21 03:13:09', 38341.8, 'Mentmore', 0),
(424, 'Chestnut', 'But, in a larger sense, we can not dedicate we can not consecrate we can not hallow this ', 267, '2014-04-04 14:58:16', '2015-01-23 14:23:09', 1948620, 'Whitestone', 1),
(425, 'Lasher', 'here, but it can never forget what they did here. It is for us the living, rather, to be ', 244, '2014-02-26 13:12:20', '2015-01-21 04:14:56', 1634890, 'Cleburne', 1),
(426, 'Isaacs', 'with the wee baby Seamus over the course of the episode as he considers him the closest that he will ever get to having a', 240, '2014-02-16 15:20:51', '2015-01-22 00:43:33', 2323720, 'Gaysville', 0),
(427, 'Voigt', 'and "three pounds of glass" in his feet. When he was finally cornered in an elevator, he blindfolded himself and fu', 206, '2014-04-14 02:41:46', '2015-01-15 23:25:43', 596266, 'Elsie', 1),
(428, 'Marsh', 'conceived in Liberty, and dedicated to the proposition that all men are created equal.', 83, '2014-02-21 09:08:15', '2015-01-16 11:56:37', 2311520, 'Shingleton', 1),
(429, 'Sites', 'ground. The brave men, living and dead, who struggled here, have consecrated it, far above ', 253, '2014-04-08 05:07:41', '2015-01-18 09:06:56', 1675240, 'Wagener', 1),
(430, 'Boutte', ' child, going so far as to have "Seamus" tattooed on his back in recognition of that affection.  Additionally, ', 137, '2014-03-03 14:10:46', '2015-01-14 23:19:35', 2236330, 'Prosser', 2),
(431, 'Larkins', 'conceived and so dedicated, can long endure. We are met on a great battle-field of that war.', 32, '2014-03-19 05:50:35', '2015-01-21 01:46:39', 1028790, 'Davilla', 1),
(432, 'Lorenz', 'twitted and outfought the numerous soldiers dispatched to recapture him despite never having a functional firearm ', 195, '2014-04-18 21:11:38', '2015-01-11 10:46:15', 317230, 'Waldron', 2),
(433, 'Badgett', 'graduating from Georgetown University, implying he is at least smart enough to receive a bachelors degree in an ', 170, '2014-04-21 02:48:56', '2015-01-08 22:59:25', 1586550, 'Grinnell', 0),
(434, 'Hook', 'and sometimes bluntly abusive. It is implied that Archer was exposed to "negative reinforcement" when ', 157, '2014-04-21 01:17:02', '2015-01-16 07:46:59', 874525, 'Bronwood', 2),
(435, 'Largent', 'In the Season 4 episode, Once Bitten, Sterling revisits his past led by a cut-rate James Mason, as his spirit ', 228, '2014-04-14 14:09:10', '2015-01-25 12:26:24', 2158600, 'Wittensville', 1),
(436, 'Jaffe', 'unknown major. Woodhouse is present, also implying he is a better parent to Sterling than Malory who was not present. ', 84, '2014-02-23 09:26:10', '2015-01-14 18:28:42', 1050200, 'Steinhatchee', 2),
(437, 'Pearman', 'the last full measure of devotion  that we here highly resolve that these dead shall not ', 258, '2014-03-15 13:35:41', '2015-01-23 04:55:18', 867274, 'Elliott', 0),
(438, 'Burkett', 'Although he has numerous personality flaws, such as insensitivity, egotism, and a casual attitude towards murdering ', 259, '2014-03-16 00:01:09', '2015-01-15 02:34:55', 1401710, 'West Van Lear', 1),
(439, 'Brazier', 'and "three pounds of glass" in his feet. When he was finally cornered in an elevator, he blindfolded himself and fu', 261, '2014-02-17 10:00:53', '2015-01-19 19:20:24', 966266, 'Carter', 1),
(440, 'Sessoms', 'fears. In Heart of Archness:Pt 1, he saved Rip Riley from being attacked by a shark by pulling him out his destroyed ', 39, '2014-03-31 02:17:07', '2015-01-25 04:25:40', 2171760, 'Mc Cormick', 0),
(441, 'Huie', 'dedicated here to the unfinished work which they who fought here have thus far so nobly ', 241, '2014-02-28 06:55:05', '2015-01-20 19:42:32', 2335760, 'Kaweah', 0),
(442, 'Rhone', '', 14, '2014-03-06 07:52:07', '2015-01-10 17:57:35', 1945480, 'Eastpointe', 2),
(443, 'Valdez', 'graduating from Georgetown University, implying he is at least smart enough to receive a bachelors degree in an ', 263, '2014-02-18 09:56:37', '2015-01-13 20:09:04', 139581, 'Clines Corners', 1),
(444, 'Segovia', 'Although he has numerous personality flaws, such as insensitivity, egotism, and a casual attitude towards murdering ', 261, '2014-04-10 02:17:13', '2015-01-15 19:43:49', 1082150, 'Keokuk', 2),
(445, 'Peters', 'Archer is not completely devoid of a sensitive side however, as seen in Stage Two, when he believes that he may di', 205, '2014-02-15 10:21:46', '2015-01-16 21:54:01', 193591, 'Neche', 2),
(446, 'Voelker', 'As a result of this long classical education and friendlessness, Archer is surprisingly well-read.', 103, '2014-02-26 20:26:26', '2015-01-13 01:54:08', 372353, 'Heyworth', 0),
(447, 'Geier', 'dedicated here to the unfinished work which they who fought here have thus far so nobly ', 122, '2014-03-07 16:34:46', '2015-01-18 22:17:51', 911548, 'Maytown', 1),
(448, 'Neary', 'though Malory Archer denies this) and used to have an on-again, off-again relationship with fellow agent Lana ', 263, '2014-04-16 10:06:45', '2015-01-24 05:14:50', 2082450, 'Justice', 1),
(449, 'Stanley', 'and sometimes bluntly abusive. It is implied that Archer was exposed to "negative reinforcement" when ', 295, '2014-04-19 13:37:51', '2015-01-09 23:47:41', 1511530, 'Kilmarnock', 0),
(450, 'Weis', 'we should do this.', 220, '2014-03-16 07:28:06', '2015-01-24 08:08:47', 1449690, 'Desert Center', 0),
(451, 'Behr', 'conceived in Liberty, and dedicated to the proposition that all men are created equal.', 90, '2014-03-01 18:41:11', '2015-01-11 18:57:10', 673065, 'Palos Hills', 0),
(452, 'Leon', 'even more heart warming in hindsight after the second season reveal that alligators are one of Archer''s three biggest ', 67, '2014-03-28 00:33:26', '2015-01-08 07:35:24', 2050660, 'Starrucca', 1),
(453, 'Phillips', 'have died in vain that this nation, under God, shall have a new birth of freedom and that ', 117, '2014-02-19 16:32:57', '2015-01-17 23:26:29', 2356250, 'Nerinx', 0),
(454, 'Myles', 'advanced. It is rather for us to be here dedicated to the great task remaining before us ', 266, '2014-04-06 08:48:38', '2015-01-21 04:10:41', 134438, 'Biggs', 0),
(455, 'Albright', 'twitted and outfought the numerous soldiers dispatched to recapture him despite never having a functional firearm ', 181, '2014-03-25 15:09:16', '2015-01-24 13:02:26', 134913, 'Ursa', 0),
(456, 'Cress', 'decorated Navy pilot, John Fitzgerald Archer. It was revealed in Dial M for Mother that his father ', 207, '2014-03-07 18:32:34', '2015-01-08 11:07:12', 2378330, 'Laurel', 1),
(457, 'Pape', 'dedicated here to the unfinished work which they who fought here have thus far so nobly ', 241, '2014-02-06 05:04:13', '2015-01-24 04:38:21', 2114320, 'Panther', 0),
(458, 'Demoss', 'But, in a larger sense, we can not dedicate we can not consecrate we can not hallow this ', 58, '2014-02-24 14:27:02', '2015-01-08 15:14:02', 671738, 'Pinellas Park', 2),
(459, 'Villeneuve', 'conceived and so dedicated, can long endure. We are met on a great battle-field of that war.', 167, '2014-04-11 14:59:53', '2015-01-18 17:14:06', 940418, 'Mount Cory', 1),
(460, 'Mcnew', ' Lana the last set of scuba gear and tells her he loves her before drowning to be rescucitated). Archer also bonds ', 228, '2014-01-26 11:06:52', '2015-01-21 09:56:54', 1808550, 'Mifflintown', 2),
(461, 'Medeiros', 'Although he has numerous personality flaws, such as insensitivity, egotism, and a casual attitude towards murdering ', 95, '2014-02-24 23:16:17', '2015-01-13 08:56:11', 1104850, 'Cooper', 0),
(462, 'Sauter', 'lacrosse, although flashbacks have indicated he had few friends. A picture of Archer in Placebo Effect shows Archer ', 219, '2014-01-25 12:29:48', '2015-01-20 04:18:01', 2270960, 'Garyville', 0),
(463, 'Suber', 'anyone who crosses him (or even sometimes merely crosses his path), he is also undeniably an intuitively good operat', 183, '2014-03-17 13:21:25', '2015-01-11 05:57:36', 890802, 'White Sands Missile Range', 0),
(464, 'Fujimoto', 'and mentions that he spent all night helping a giant Domnican guy bury his rooster in the everglades, This becomes ', 185, '2014-03-25 19:26:35', '2015-01-18 07:56:11', 1210630, 'Sequoia National Park', 2),
(465, 'Cable', 'twitted and outfought the numerous soldiers dispatched to recapture him despite never having a functional firearm ', 68, '2014-04-05 05:21:16', '2015-01-07 15:37:56', 579475, 'Nulato', 2),
(466, 'Mcevoy', 'finds himself in a bar that hosts chicken-fighting matches. A big, weeping Dominican man is sitting next to him, ', 87, '2014-02-03 13:10:56', '2015-01-09 16:06:47', 1493050, 'Newburgh', 2),
(467, 'Wilde', 'is always because he will somehow benefit. He does, however, insist upon compensating anyone from whom he commandeers ', 123, '2014-03-07 15:29:45', '2015-01-20 11:23:20', 1107170, 'Emily', 2),
(468, 'Cawthon', 'anyone who crosses him (or even sometimes merely crosses his path), he is also undeniably an intuitively good operat', 47, '2014-02-12 10:49:30', '2015-01-16 18:41:44', 1192760, 'Grand Prairie', 1),
(469, 'Arreola', '', 12, '2014-02-22 15:38:47', '2015-01-12 13:46:32', 335093, 'Lewistown', 1),
(470, 'Mcmillian', 'we should do this.', 108, '2014-03-08 00:51:57', '2015-01-13 09:09:32', 1799780, 'Port Lions', 1),
(471, 'Sherrill', ' from breast cancer, he demonstrates considerable regret at his treatment of his co-workers at ISIS, buying Pam and ', 245, '2014-02-08 12:48:15', '2015-01-12 03:26:46', 1255830, 'Parkville', 1),
(472, 'Foltz', 'agency "ISIS," located in New York City. ', 289, '2014-04-24 22:40:52', '2015-01-08 17:35:14', 2102050, 'Sarles', 2),
(473, 'Terrell', ' We have come to dedicate a portion of that field, as a final resting place for those who ', 138, '2014-04-14 08:35:59', '2015-01-17 02:09:53', 1101130, 'Cataula', 1),
(474, 'Flake', 'have died in vain that this nation, under God, shall have a new birth of freedom and that ', 41, '2014-03-04 06:01:50', '2015-01-23 23:40:27', 1617210, 'Concrete', 2),
(475, 'Fredrickson', 'though Malory Archer denies this) and used to have an on-again, off-again relationship with fellow agent Lana ', 265, '2014-02-24 06:47:48', '2015-01-25 09:48:18', 1935670, 'Fox River Grove', 1),
(476, 'Lamoureux', 'we should do this.', 101, '2014-04-13 18:33:25', '2015-01-14 13:43:22', 1637110, 'Cranesville', 0),
(477, 'Kempf', 'he establishes a friendship with a fellow cancer patient, Ruth. Another example of this is in Honeypot when Archer ', 118, '2014-02-26 20:47:29', '2015-01-11 13:20:57', 2152230, 'Wanchese', 0),
(478, 'Sosa', 'crying over the death of his slain rooster. The next time we see Archer, he is covered in dirt and carrying a shovel, ', 154, '2014-04-11 09:17:07', '2015-01-08 13:38:42', 1497570, 'Beaver Creek', 1),
(479, 'Rankins', 'seaplane, bandaging his head and giving him CPR', 261, '2014-03-25 09:06:47', '2015-01-10 19:53:23', 2290780, 'Eek', 1),
(480, 'Brody', 'Kane, which makes their working environment tenuous and difficult. At home, he employs an aging valet, Woodhouse ', 83, '2014-02-12 08:07:25', '2015-01-11 01:57:47', 2010150, 'Bertha', 0),
(481, 'Click', 'fears. In Heart of Archness:Pt 1, he saved Rip Riley from being attacked by a shark by pulling him out his destroyed ', 286, '2014-03-31 02:55:26', '2015-01-23 17:37:39', 1308270, 'Cross', 0),
(482, 'Thomsen', 'anyone who crosses him (or even sometimes merely crosses his path), he is also undeniably an intuitively good operat', 28, '2014-02-02 13:21:47', '2015-01-16 14:48:29', 1731980, 'Silt', 1),
(483, 'Nunley', 'lly intended his last words to be "F*** you, you douchebags."', 72, '2014-04-08 17:31:05', '2015-01-10 08:52:26', 10463.9, 'Meldrim', 1),
(484, 'Pendergrass', 'It is revealed in Fugue and Riffs that for a short period of time, he assumed the identity of Bob Belcher from the show Bob''s Burgers. The reason for this sudden life-change is that he entered a fugue state (stress-induced amnesia) following Malory''s wedd', 144, '2014-04-14 23:10:37', '2015-01-21 10:55:12', 397559, 'Hall Summit', 1),
(485, 'Cowart', 'a stuffed alligator.  He, unfortunately, awakens before remembering his father''s face.', 137, '2014-04-15 11:49:26', '2015-01-10 19:02:55', 2096330, 'Coopersburg', 0),
(486, 'Slaughter', 'for the Johns Hopkins lacrosse team, as well as being stalked and subsequently shot by a mysterious woman, Ruth ', 54, '2014-01-31 19:07:20', '2015-01-18 00:38:57', 2350480, 'Hurtsboro', 2),
(487, 'Nunn', 'overthrew Guatemala''s government in 1954, making his birth year around 1948). He is a member of spy ', 198, '2014-03-12 15:54:04', '2015-01-13 09:40:53', 878586, 'Cosby', 2),
(488, 'Galan', 'His relation with his mother Malory—who is also his boss at ISIS—is often strained, never sympathetic, ', 106, '2014-02-20 21:38:17', '2015-01-25 06:57:17', 876638, 'Loreauville', 0),
(489, 'Watters', 'he establishes a friendship with a fellow cancer patient, Ruth. Another example of this is in Honeypot when Archer ', 125, '2014-04-10 18:26:37', '2015-01-21 07:24:40', 1814060, 'Bucoda', 2),
(490, 'Olivas', 'a stuffed alligator.  He, unfortunately, awakens before remembering his father''s face.', 232, '2014-02-11 01:32:47', '2015-01-11 02:24:18', 734627, 'Diamondville', 2),
(491, 'Cassell', 'equipment or goods, although he does not always trade to them items they want or need.', 300, '2014-03-09 22:16:38', '2015-01-10 16:59:10', 2062230, 'Brookeland', 1),
(492, 'Hendrickson', 'he was growing up by Malory in The Double Deuce (Malory denies Seamus a toy, saying, "Did somebody trick ', 2, '2014-02-27 07:33:09', '2015-01-12 14:10:42', 101567, 'Grygla', 2),
(493, 'Krol', 'dedicated here to the unfinished work which they who fought here have thus far so nobly ', 168, '2014-03-15 03:51:38', '2015-01-15 06:15:50', 1078970, 'Cedar Bluff', 1),
(494, 'Snavely', 'fears. In Heart of Archness:Pt 1, he saved Rip Riley from being attacked by a shark by pulling him out his destroyed ', 178, '2014-02-26 05:44:38', '2015-01-22 13:03:43', 1166870, 'Bromide', 2),
(495, 'Harrington', 'he was growing up by Malory in The Double Deuce (Malory denies Seamus a toy, saying, "Did somebody trick ', 99, '2014-03-07 16:47:08', '2015-01-12 11:12:42', 1661030, 'Corunna', 1),
(496, 'Money', 'Now we are engaged in a great civil war, testing whether that nation, or any nation so ', 74, '2014-03-13 07:05:29', '2015-01-19 18:27:09', 1627400, 'Durhamville', 0),
(497, 'Fernando', 'fears. In Heart of Archness:Pt 1, he saved Rip Riley from being attacked by a shark by pulling him out his destroyed ', 242, '2014-01-25 07:16:35', '2015-01-08 00:54:21', 1441150, 'Honeoye', 2),
(498, 'Steinbach', 'with the wee baby Seamus over the course of the episode as he considers him the closest that he will ever get to having a', 13, '2014-01-26 02:56:53', '2015-01-17 11:21:22', 506561, 'Goldvein', 2),
(499, 'Hatch', ' Lana the last set of scuba gear and tells her he loves her before drowning to be rescucitated). Archer also bonds ', 279, '2014-02-11 13:41:27', '2015-01-12 06:31:56', 1094510, 'Flourtown', 2),
(500, 'Belden', 'for the Johns Hopkins lacrosse team, as well as being stalked and subsequently shot by a mysterious woman, Ruth ', 178, '2014-03-29 20:33:02', '2015-01-21 15:23:18', 1586100, 'Voca', 2);

-- --------------------------------------------------------

--
-- Table structure for table `timesheet`
--

CREATE TABLE IF NOT EXISTS `timesheet` (
  `timesheet_id` int(20) NOT NULL AUTO_INCREMENT,
  `timesheet_date` date DEFAULT NULL,
  `timesheet_project_name` varchar(100) DEFAULT NULL,
  PRIMARY KEY (`timesheet_id`)
) ENGINE=InnoDB  DEFAULT CHARSET=latin1 AUTO_INCREMENT=301 ;

--
-- Dumping data for table `timesheet`
--

INSERT INTO `timesheet` (`timesheet_id`, `timesheet_date`, `timesheet_project_name`) VALUES
(1, '2013-10-25', 'Drafter Structural'),
(2, '2013-11-30', 'Internal Auditing Supervisor'),
(3, '2013-04-16', 'Electric Meter Installer'),
(4, '2013-02-19', 'Manager EDI Healthcare'),
(5, '2014-01-22', 'Painter Rough Spray'),
(6, '2013-08-10', 'Chief Research Officer'),
(7, '2013-08-21', 'Private Duty Companion'),
(8, '2013-08-14', 'Executive Second Highest Paid'),
(9, '2013-07-24', 'Expediter'),
(10, '2013-03-17', 'Trust Operations Assistant'),
(11, '2013-12-15', 'Trust Operations Assistant'),
(12, '2013-02-02', 'Banking Skip Tracer'),
(13, '2013-04-08', 'Manager EDI Healthcare'),
(14, '2013-11-04', 'Inspector Mine'),
(15, '2013-08-01', 'Photographer Scientific'),
(16, '2013-11-10', 'Grader Meat'),
(17, '2013-03-20', 'Branch Manager Banking (Minor Branch)'),
(18, '2013-11-08', 'Cost Accountant'),
(19, '2013-06-24', 'Customs Analyst'),
(20, '2014-01-02', 'Property & Casualty Underwriter'),
(21, '2013-10-24', 'Inspector Mine'),
(22, '2013-12-24', 'Molder Rubber'),
(23, '2013-09-04', 'Technician Photographer/Editor'),
(24, '2013-06-14', 'Medical Cardiac Catheterization Technologist'),
(25, '2013-12-05', 'Molder Rubber'),
(26, '2013-11-06', 'Data Security Analyst'),
(27, '2013-07-12', 'Planning Long-Range Director'),
(28, '2013-05-23', 'Coordinator Program Planning'),
(29, '2013-10-28', 'Comparison Shopper'),
(30, '2013-10-11', 'Data Security Analyst'),
(31, '2013-10-12', 'CEO'),
(32, '2013-12-17', 'Word Processor Operator'),
(33, '2013-11-11', 'Planning Long-Range Director'),
(34, '2013-11-23', 'Gutter Installer/Repairer'),
(35, '2013-06-16', 'Gutter Installer/Repairer'),
(36, '2013-04-11', 'Instrument Mechanic'),
(37, '2014-01-21', 'Internal Auditing Supervisor'),
(38, '2013-07-22', 'Chief Research Officer'),
(39, '2013-07-21', 'Professor Assistant'),
(40, '2013-10-13', 'Medical Polysomnographic Technician'),
(41, '2013-05-28', 'Analyst Securities'),
(42, '2013-02-04', 'Executive Second Highest Paid'),
(43, '2013-07-10', 'Cost Accountant'),
(44, '2013-11-16', 'Integrated Circuit Fabricator'),
(45, '2014-01-27', 'Technician Mechanical Engineering'),
(46, '2013-11-15', 'Drafter Structural'),
(47, '2013-08-18', 'Bioinformatics Programmer Analyst'),
(48, '2013-11-14', 'Instrument Mechanic'),
(49, '2013-05-07', 'Banking Skip Tracer'),
(50, '2013-08-21', 'Chief Research Officer'),
(51, '2014-01-18', 'Integrated Circuit Fabricator'),
(52, '2013-04-11', 'Assembler Metal Fabricator'),
(53, '2013-06-08', 'Clerk Benefits'),
(54, '2013-03-18', 'Engineering Supervisor Administrative'),
(55, '2013-10-28', 'Ride Operator'),
(56, '2013-05-20', 'Biomedical Engineering Director'),
(57, '2014-01-24', 'Internet Traffic Analyst'),
(58, '2013-06-22', 'Ride Operator'),
(59, '2013-08-14', 'Operator Web Press'),
(60, '2013-02-23', 'Gutter Installer/Repairer'),
(61, '2013-11-21', 'Cook Fast Food'),
(62, '2013-09-01', 'Operator Plasma Centrifuge'),
(63, '2013-04-17', 'Metal Engraver'),
(64, '2013-05-28', 'Environmental Technician'),
(65, '2013-09-19', 'Biomedical Engineering Director'),
(66, '2014-01-07', 'Expediter'),
(67, '2013-04-10', 'Engineering Supervisor Administrative'),
(68, '2013-05-26', 'Biomedical Engineering Director'),
(69, '2013-07-20', 'Personnel Training Manager'),
(70, '2013-08-24', 'Technician Welding'),
(71, '2013-10-02', 'Internal Auditing Supervisor'),
(72, '2013-08-10', 'Information Technology Audit Manager'),
(73, '2013-06-06', 'Machinist Setup Operator'),
(74, '2013-10-29', 'Expediter'),
(75, '2013-09-09', 'Top Research Officer'),
(76, '2013-11-22', 'Circulation Officer Top'),
(77, '2013-02-04', 'Machinist Setup Operator'),
(78, '2013-07-12', 'Metal Engraver'),
(79, '2013-08-21', 'Analyst Securities'),
(80, '2013-12-15', 'Truck Driver Van'),
(81, '2013-06-23', 'Machinist Setup Operator'),
(82, '2013-04-16', 'Bioinformatics Programmer Analyst'),
(83, '2013-05-14', 'Expediter'),
(84, '2013-02-09', 'Assembler Metal Fabricator'),
(85, '2013-12-14', 'Ride Operator'),
(86, '2013-05-21', 'Coordinator Program Planning'),
(87, '2013-04-23', 'Van Driver'),
(88, '2013-05-19', 'Painter Rough Spray'),
(89, '2013-06-23', 'Technician Photographer/Editor'),
(90, '2013-04-28', 'Technician Mechanical Engineering'),
(91, '2013-10-26', 'Coordinator Program Planning'),
(92, '2013-11-13', 'Librarian'),
(93, '2013-06-22', 'Operations Research Supervisor'),
(94, '2013-08-24', 'Grader Meat'),
(95, '2013-03-26', 'Chief Research Officer'),
(96, '2013-06-26', 'Technician Mechanical Engineering'),
(97, '2013-07-29', 'Assembler Product (Bench)'),
(98, '2014-01-17', 'Expediter'),
(99, '2013-10-04', 'Medical Polysomnographic Technician'),
(100, '2013-12-19', 'Branch Manager Banking (Minor Branch)'),
(101, '2013-02-21', 'Photographer Scientific'),
(102, '2013-10-16', 'Medical Polysomnographic Technician'),
(103, '2013-03-01', 'Engineer Electrical Test'),
(104, '2013-03-17', 'Engineer Electrical Test'),
(105, '2013-08-20', 'Tool Designer'),
(106, '2013-06-20', 'Private Duty Companion'),
(107, '2013-04-15', 'Inspector Mine'),
(108, '2013-11-30', 'Nurse Emergency Room'),
(109, '2013-10-01', 'Data Security Analyst'),
(110, '2014-01-15', 'Chief Merchandising Officer'),
(111, '2013-05-07', 'Assembler Product (Bench)'),
(112, '2013-07-17', 'Hot Cell Technician'),
(113, '2013-06-03', 'Professor Assistant'),
(114, '2013-03-12', 'Painter Rough Spray'),
(115, '2014-01-31', 'Foreman Print Shop'),
(116, '2013-08-04', 'Customs Analyst'),
(117, '2013-08-01', 'Medical Clinical Specialist'),
(118, '2014-01-16', 'Medical Polysomnographic Technician'),
(119, '2013-09-09', 'Illustrator Medical'),
(120, '2013-03-08', 'Chief Research Officer'),
(121, '2013-10-15', 'Chief Research Officer'),
(122, '2013-02-02', 'Housekeeping Aide'),
(123, '2013-08-01', 'Actuary (Associate)'),
(124, '2013-12-13', 'Teacher Museums'),
(125, '2013-08-11', 'Gambling Dealer'),
(126, '2013-07-24', 'Molder Rubber'),
(127, '2013-12-17', 'Biomedical Engineering Director'),
(128, '2013-04-02', 'Internal Medicine Physician'),
(129, '2013-11-15', 'Top Research Officer'),
(130, '2013-12-26', 'Gambling Dealer'),
(131, '2013-03-06', 'Computer Systems Analysis Manager'),
(132, '2013-09-11', 'Personnel Training Manager'),
(133, '2013-09-06', 'Service Station Manager Automobile'),
(134, '2013-02-26', 'Trust Operations Assistant'),
(135, '2013-12-18', 'Coordinator Program Planning'),
(136, '2013-12-18', 'Grader Meat'),
(137, '2013-04-10', 'Coordinator Program Planning'),
(138, '2013-05-07', 'Librarian'),
(139, '2013-05-25', 'Chief Research Officer'),
(140, '2013-12-21', 'Truck Driver Van'),
(141, '2013-09-10', 'Banking Skip Tracer'),
(142, '2013-11-19', 'Computer Systems Analysis Manager'),
(143, '2013-09-29', 'Technician Photographer/Editor'),
(144, '2013-04-26', 'Nurse Emergency Room'),
(145, '2013-03-30', 'Biomedical Engineering Director'),
(146, '2013-12-27', 'Condominium Manager'),
(147, '2013-02-01', 'Internet Traffic Analyst'),
(148, '2014-01-22', 'Clinical Psychologist'),
(149, '2013-10-19', 'Business Administration Manager'),
(150, '2013-12-22', 'Data Security Analyst'),
(151, '2013-10-06', 'Clerk Benefits'),
(152, '2013-10-16', 'Contact Lens Flashing Puncher'),
(153, '2013-11-18', 'Manager National Sales (Experience)'),
(154, '2013-09-23', 'Teller Loan'),
(155, '2013-08-14', 'Bioinformatics Programmer Analyst'),
(156, '2014-01-19', 'Gutter Installer/Repairer'),
(157, '2013-08-02', 'Van Driver'),
(158, '2013-07-08', 'Actuary (Associate)'),
(159, '2013-01-31', 'Clergy Member Head'),
(160, '2014-01-07', 'Administrative Engineering Director'),
(161, '2013-04-21', 'Environmental Technician'),
(162, '2013-02-06', 'Inspector Mine'),
(163, '2014-01-20', 'Internet Traffic Analyst'),
(164, '2013-07-18', 'Internal Medicine Physician'),
(165, '2013-04-04', 'Housekeeping Aide'),
(166, '2013-02-28', 'Machinist Setup Operator'),
(167, '2013-07-28', 'Clerk Benefits'),
(168, '2013-06-26', 'Internal Medicine Physician'),
(169, '2013-11-07', 'Chief Research Officer'),
(170, '2014-01-16', 'Private Duty Companion'),
(171, '2013-05-06', 'Professor Assistant'),
(172, '2013-05-03', 'Analyst Securities'),
(173, '2013-10-31', 'Ride Operator'),
(174, '2013-10-17', 'Purchasing Manager'),
(175, '2014-01-24', 'Technician Mechanical Engineering'),
(176, '2013-03-18', 'Medical Cardiac Catheterization Technologist'),
(177, '2013-04-07', 'Medical Clinical Specialist'),
(178, '2013-07-22', 'Hearing Impaired Teacher'),
(179, '2013-07-11', 'Tool Designer'),
(180, '2013-02-04', 'Executive Second Highest Paid'),
(181, '2013-04-28', 'Operator Plasma Centrifuge'),
(182, '2013-03-22', 'Engineer Electrical Test'),
(183, '2013-07-29', 'Top Sales Government Executive'),
(184, '2013-06-11', 'Computer Programmer Engineer'),
(185, '2013-11-18', 'Librarian'),
(186, '2013-06-06', 'Operator Plasma Centrifuge'),
(187, '2013-11-17', 'Medical Cardiac Catheterization Technologist'),
(188, '2014-01-24', 'Information Technology Audit Manager'),
(189, '2013-12-06', 'Comparison Shopper'),
(190, '2013-11-15', 'Internet Traffic Analyst'),
(191, '2013-06-21', 'Operator Web Press'),
(192, '2013-05-03', 'Technician Photographer/Editor'),
(193, '2013-10-21', 'Hot Cell Technician'),
(194, '2013-11-27', 'Technician Photographer/Editor'),
(195, '2013-02-24', 'Word Processor Operator'),
(196, '2013-09-25', 'Inspector Mine'),
(197, '2013-03-21', 'Illustrator Medical'),
(198, '2013-06-23', 'Librarian'),
(199, '2013-08-31', 'Banking Skip Tracer'),
(200, '2013-08-24', 'Assembler Product (Bench)'),
(201, '2013-02-12', 'Administrative Engineering Director'),
(202, '2013-05-14', 'Hot Cell Technician'),
(203, '2013-09-20', 'Cost Accountant'),
(204, '2013-07-16', 'Security Specialist Computer'),
(205, '2013-04-29', 'Representative Veterans'),
(206, '2013-09-30', 'Photographer Scientific'),
(207, '2013-10-18', 'Ride Operator'),
(208, '2013-05-30', 'Private Duty Companion'),
(209, '2014-01-18', 'Biomedical Engineering Director'),
(210, '2014-01-13', 'Well Driller'),
(211, '2013-10-15', 'Clerk Benefits'),
(212, '2013-07-20', 'Librarian'),
(213, '2013-02-15', 'Hygienist Industrial'),
(214, '2014-01-30', 'Private Duty Companion'),
(215, '2013-06-06', 'Computer Programmer Engineer'),
(216, '2013-08-23', 'Photographer Scientific'),
(217, '2013-03-01', 'Administrative Engineering Director'),
(218, '2013-08-25', 'Hearing Impaired Teacher'),
(219, '2013-07-28', 'Actuary (Associate)'),
(220, '2013-02-23', 'Gambling Dealer'),
(221, '2013-06-05', 'Teacher Museums'),
(222, '2013-03-25', 'Banking Skip Tracer'),
(223, '2013-03-26', 'Gutter Installer/Repairer'),
(224, '2014-01-08', 'Machinist Setup Operator'),
(225, '2013-07-27', 'Teacher Museums'),
(226, '2013-02-25', 'Coordinator Program Planning'),
(227, '2013-06-28', 'Internal Auditing Supervisor'),
(228, '2013-09-22', 'Actuary (Associate)'),
(229, '2013-03-02', 'Gambling Dealer'),
(230, '2014-01-05', 'Chief Research Officer'),
(231, '2013-03-02', 'Condominium Manager'),
(232, '2013-07-27', 'Medical Director Admitting'),
(233, '2014-01-29', 'Manager Banking Branch (Major Branch)'),
(234, '2013-05-26', 'Metal Engraver'),
(235, '2013-05-07', 'Trust Operations Assistant'),
(236, '2013-05-10', 'Service Station Manager Automobile'),
(237, '2013-08-03', 'Trust Operations Assistant'),
(238, '2013-12-22', 'Comparison Shopper'),
(239, '2013-09-05', 'Grader Meat'),
(240, '2013-05-05', 'Ride Operator'),
(241, '2013-05-28', 'Gambling Dealer'),
(242, '2013-10-23', 'Engineering Supervisor Administrative'),
(243, '2013-07-09', 'Personnel Training Manager'),
(244, '2013-07-04', 'Electric Meter Installer'),
(245, '2013-06-06', 'Illustrator Medical'),
(246, '2013-01-31', 'Engineer Sanitary'),
(247, '2013-11-17', 'Health & Fitness Supervisor'),
(248, '2013-02-17', 'Technician Welding'),
(249, '2013-05-12', 'Assembler Metal Fabricator'),
(250, '2014-01-29', 'Chief Research Officer'),
(251, '2013-02-25', 'Librarian'),
(252, '2013-09-14', 'Computer Systems Analysis Manager'),
(253, '2013-02-11', 'Internal Medicine Physician'),
(254, '2013-06-12', 'Drafter Structural'),
(255, '2013-09-25', 'Internal Medicine Physician'),
(256, '2013-02-14', 'Grader Meat'),
(257, '2014-01-14', 'Medical Director Admitting'),
(258, '2013-11-11', 'Trust Operations Assistant'),
(259, '2013-05-04', 'Housekeeping Aide'),
(260, '2013-03-25', 'Clinical Psychologist'),
(261, '2013-12-12', 'Word Processor Operator'),
(262, '2013-12-10', 'Grader Meat'),
(263, '2013-04-04', 'Plant Assistant Manager'),
(264, '2013-08-15', 'Chief Research Officer'),
(265, '2013-12-25', 'Circulation Officer Top'),
(266, '2013-06-18', 'Private Duty Companion'),
(267, '2013-04-23', 'Integrated Circuit Fabricator'),
(268, '2013-10-24', 'Plant Supervisor'),
(269, '2013-04-10', 'Internal Auditing Supervisor'),
(270, '2013-12-14', 'Internal Auditing Supervisor'),
(271, '2013-09-12', 'Branch Manager Banking (Minor Branch)'),
(272, '2013-09-11', 'Hygienist Industrial'),
(273, '2013-05-28', 'Branch Manager Banking (Minor Branch)'),
(274, '2013-07-07', 'Metal Engraver'),
(275, '2013-08-14', 'Planning Long-Range Director'),
(276, '2013-04-21', 'Medical Clinical Specialist'),
(277, '2013-09-15', 'Operator Web Press'),
(278, '2014-01-14', 'Service Station Manager Automobile'),
(279, '2013-09-18', 'Service Station Manager Automobile'),
(280, '2013-11-26', 'Engineer Electrical Test'),
(281, '2013-05-08', 'Service Station Manager Automobile'),
(282, '2013-09-01', 'Information Technology Audit Manager'),
(283, '2013-05-01', 'Purchasing Manager'),
(284, '2013-05-18', 'Van Driver'),
(285, '2013-04-11', 'Chief Research Officer'),
(286, '2013-08-15', 'Plant Supervisor'),
(287, '2013-07-31', 'Purchasing Manager'),
(288, '2013-12-16', 'Nurse Emergency Room'),
(289, '2013-11-24', 'Abstractor'),
(290, '2013-04-15', 'Data Security Analyst'),
(291, '2013-03-21', 'Cost Accountant'),
(292, '2013-03-19', 'Word Processor Operator'),
(293, '2013-08-25', 'Integrated Circuit Fabricator'),
(294, '2013-09-04', 'Data Architect'),
(295, '2013-05-10', 'Photographer Scientific'),
(296, '2013-06-03', 'Integrated Circuit Fabricator'),
(297, '2013-05-03', 'Instrument Mechanic'),
(298, '2013-02-17', 'Hearing Impaired Teacher'),
(299, '2013-12-09', 'Data Architect'),
(300, '2013-03-07', 'Chief Merchandising Officer');

-- --------------------------------------------------------

--
-- Table structure for table `user`
--

CREATE TABLE IF NOT EXISTS `user` (
  `user_id` int(20) NOT NULL AUTO_INCREMENT,
  `user_first_name` varchar(255) DEFAULT NULL,
  `user_last_name` varchar(255) DEFAULT NULL,
  `user_sex` char(1) DEFAULT NULL,
  `user_email` varchar(100) DEFAULT NULL,
  `user_location` varchar(255) DEFAULT NULL,
  `user_phone_number` varchar(13) DEFAULT NULL,
  `user_image_url` varchar(255) DEFAULT NULL,
  PRIMARY KEY (`user_id`),
  UNIQUE KEY `user_email` (`user_email`)
) ENGINE=InnoDB  DEFAULT CHARSET=latin1 AUTO_INCREMENT=21 ;

--
-- Dumping data for table `user`
--

INSERT INTO `user` (`user_id`, `user_first_name`, `user_last_name`, `user_sex`, `user_email`, `user_location`, `user_phone_number`, `user_image_url`) VALUES
(1, 'Kali', 'Stadler', 'f', 'john.doe@email.com', 'Apricot Dr', '0652 645703', 'bb02173bf8b29107ad31fd9c2b58928a992c30fd1391284205.jpg'),
(2, 'Kyla', 'Despain', 'm', 'T.Unzaga@icqmail.com.sg', 'Edson Ter', '0280 502321', 'default.jpg'),
(3, 'Michal', 'Madsen', 'm', 'B.Strik van@turbomail.is', 'Guitar Way', '0857 622716', 'default.jpg'),
(4, 'Yoshiko', 'Dao', 'm', 'Z.Valdovinos@yahoo.com.ar', 'Virgo St', '0849 397271', 'default.jpg'),
(5, 'Philip', 'Ream', 'f', 'M.Negron@loja.com.sg', 'Rockrose Way', '0632 331659', 'default.jpg'),
(6, 'Corliss', 'Compton', 'f', 'M.Rocha@euromail.de', 'Zion Park Way', '0153 28112', 'default.jpg'),
(7, 'Trevor', 'Depew', 'f', 'W.Sanchez@mail.freenation.in', 'Blenheim St', '0316 539518', 'default.jpg'),
(8, 'Denyse', 'Willman', 'f', 'H.Cagle@ukmail.org', 'Spa St', '0598 906211', 'default.jpg'),
(9, 'Herma', 'Leclerc', 'f', 'D.Moerenhout@terramail.com.mx', 'Tasa Ln', '0870 466227', 'default.jpg'),
(10, 'Sunshine', 'Janssen', 'f', 'Q.Schaaf@hotmail.net', 'Allie Ave', '0420 455598', 'default.jpg'),
(11, 'Tania', 'Weisberg', 'f', 'X.Zarate@gmx.gr', 'Tinker Pl', '0952 937572', 'default.jpg'),
(12, 'Monnie', 'Greenwald', 'f', 'X.Blouin@netscape.br', 'Garden Glen Dr', '0159 895583', 'default.jpg'),
(13, 'Thersa', 'Pegues', 'm', 'Z.Gibbs@mailhost.cz', 'Mcglinchey St', '0855 756021', 'default.jpg'),
(14, 'Mai', 'Faircloth', 'm', 'I.Pimentel@3web.co.uk', 'Feramorz Ln', '0456 10457', 'default.jpg'),
(15, 'Wilfredo', 'Riendeau', 'm', 'V.Elmore@terramail.is', 'Pioneer St', '0479 814618', 'default.jpg'),
(16, 'Yen', 'Rusch', 'f', 'Y.Trinidad@popgate.cz', 'Wilder St', '0929 730132', 'default.jpg'),
(17, 'Sharilyn', 'Bilyeu', 'm', 'T.Meadors@freemail.co.jp', 'Publisher St', '0311 36630', 'default.jpg'),
(18, 'Derek', 'Runkle', 'm', 'Y.Jimenez@popgate.gr', 'Willow Creek St', '0223 463185', 'default.jpg'),
(19, 'Lucius', 'Hofer', 'f', 'M.Asas@excite.to', 'Lodestone Ave', '0237 141054', 'default.jpg'),
(20, 'Meggan', 'Lerch', 'm', 'Z.Gallego@mail.freenation.is', '20th St', '0258 571153', 'default.jpg');

-- --------------------------------------------------------

--
-- Table structure for table `user_notification`
--

CREATE TABLE IF NOT EXISTS `user_notification` (
  `notification_id` int(20) DEFAULT NULL,
  `from_user_id` int(20) DEFAULT NULL,
  `to_user_id` int(20) DEFAULT NULL,
  KEY `to_user_id` (`to_user_id`),
  KEY `from_user_id` (`from_user_id`),
  KEY `notification_id` (`notification_id`)
) ENGINE=InnoDB DEFAULT CHARSET=latin1;

--
-- Dumping data for table `user_notification`
--

INSERT INTO `user_notification` (`notification_id`, `from_user_id`, `to_user_id`) VALUES
(47, 19, 3),
(87, 15, 19),
(123, 16, 2),
(307, 11, 19),
(136, 11, 4),
(243, 9, 7),
(209, 20, 17),
(2, 18, 19),
(303, 11, 9),
(164, 8, 4),
(3, 14, 15),
(261, 11, 10),
(284, 13, 11),
(60, 4, 11),
(119, 3, 13),
(301, 4, 7),
(90, 14, 3),
(59, 8, 19),
(190, 19, 18),
(228, 7, 7),
(177, 15, 19),
(109, 6, 18),
(344, 20, 8),
(21, 2, 13),
(209, 20, 15),
(132, 14, 13),
(238, 18, 5),
(120, 19, 15),
(44, 8, 14),
(14, 16, 14),
(28, 10, 9),
(274, 12, 8),
(30, 7, 14),
(154, 12, 4),
(31, 15, 18),
(51, 9, 8),
(203, 3, 6),
(246, 8, 2),
(164, 2, 7),
(294, 18, 9),
(209, 18, 7),
(339, 20, 18),
(267, 15, 10),
(339, 16, 13),
(69, 12, 3),
(271, 20, 7),
(117, 8, 10),
(256, 15, 14),
(267, 7, 20),
(297, 20, 9),
(91, 6, 16),
(315, 18, 15),
(77, 13, 11),
(232, 15, 9),
(30, 10, 17),
(94, 9, 4),
(124, 19, 16),
(110, 16, 17),
(255, 1, 7),
(124, 10, 17),
(211, 14, 12),
(196, 4, 13),
(13, 5, 9),
(259, 18, 17),
(1, 1, 9),
(30, 15, 18),
(264, 2, 17),
(277, 9, 14),
(43, 18, 4),
(121, 20, 3),
(324, 18, 13),
(240, 3, 4),
(71, 3, 7),
(192, 20, 16),
(5, 7, 9),
(344, 7, 13),
(279, 10, 9),
(206, 15, 18),
(74, 14, 6),
(59, 19, 13),
(229, 10, 1),
(16, 2, 2),
(264, 18, 13),
(301, 12, 10),
(222, 10, 3),
(197, 4, 3),
(75, 10, 14),
(235, 7, 14),
(314, 10, 9),
(59, 6, 5),
(24, 6, 3),
(316, 8, 10),
(233, 18, 20),
(131, 15, 10),
(16, 8, 4),
(180, 10, 8),
(95, 4, 6),
(55, 16, 12),
(350, 6, 11),
(39, 14, 12),
(113, 9, 13),
(37, 5, 15),
(129, 12, 18),
(299, 16, 5),
(62, 19, 5),
(122, 15, 12),
(152, 1, 15),
(187, 13, 6),
(33, 18, 11),
(22, 6, 13),
(333, 1, 17),
(83, 16, 5),
(234, 20, 4),
(237, 18, 2),
(295, 19, 4),
(119, 1, 1),
(184, 7, 10),
(19, 10, 9),
(20, 12, 8),
(253, 12, 15),
(115, 3, 10),
(92, 9, 4),
(278, 5, 3),
(171, 17, 10),
(182, 4, 7),
(263, 7, 5),
(219, 15, 1),
(196, 4, 11),
(170, 16, 7),
(7, 3, 15),
(109, 17, 6),
(324, 18, 14),
(327, 14, 19),
(33, 7, 19),
(96, 13, 7),
(152, 20, 20),
(257, 8, 11),
(136, 19, 1),
(12, 18, 13),
(131, 20, 14),
(180, 3, 13),
(276, 3, 13),
(40, 7, 8),
(98, 13, 3),
(263, 12, 3),
(20, 13, 10),
(61, 16, 18),
(232, 11, 14),
(46, 9, 16),
(289, 14, 14),
(134, 14, 8),
(223, 18, 19),
(158, 3, 8),
(287, 20, 10),
(111, 2, 1),
(218, 1, 16),
(115, 11, 17),
(35, 15, 9),
(306, 16, 14),
(207, 5, 12),
(154, 20, 15),
(152, 5, 9),
(350, 10, 3),
(196, 7, 11),
(61, 17, 12),
(26, 13, 19),
(70, 20, 3),
(95, 11, 18),
(271, 4, 1),
(204, 17, 7),
(48, 15, 14),
(98, 20, 8),
(159, 6, 12),
(173, 13, 7),
(294, 8, 12),
(313, 1, 13),
(16, 5, 19),
(309, 8, 1),
(79, 20, 17),
(233, 18, 13),
(49, 8, 10),
(71, 1, 8),
(12, 4, 20),
(138, 16, 1),
(274, 3, 4),
(333, 2, 5),
(135, 13, 14),
(293, 4, 20),
(70, 10, 14),
(341, 6, 20),
(165, 2, 5),
(210, 4, 8),
(47, 18, 12),
(189, 9, 12),
(73, 20, 18),
(303, 18, 11),
(246, 8, 9),
(153, 17, 1),
(272, 18, 7),
(343, 2, 11),
(320, 10, 8),
(260, 2, 17),
(143, 20, 13),
(13, 2, 8),
(86, 2, 5),
(18, 15, 16),
(294, 18, 14),
(332, 1, 14),
(318, 15, 9),
(87, 6, 6),
(104, 3, 19),
(246, 9, 1),
(241, 20, 5),
(55, 20, 20),
(328, 16, 11),
(259, 13, 20),
(185, 6, 7),
(230, 9, 12),
(25, 9, 3),
(238, 13, 20),
(71, 13, 14),
(22, 2, 11),
(235, 2, 9),
(291, 20, 9),
(269, 12, 5),
(307, 20, 17),
(314, 7, 19),
(70, 18, 19),
(223, 19, 13),
(79, 15, 8),
(252, 2, 1),
(328, 5, 13),
(163, 1, 14),
(197, 15, 7),
(291, 15, 8),
(156, 1, 1),
(65, 5, 1),
(166, 3, 10),
(145, 11, 4),
(203, 17, 18),
(310, 1, 17),
(222, 7, 10),
(184, 1, 15),
(226, 4, 18),
(130, 7, 6),
(103, 6, 20),
(31, 13, 6),
(66, 13, 17),
(213, 8, 2),
(291, 1, 5),
(273, 13, 15),
(248, 19, 20),
(126, 4, 13),
(69, 18, 1),
(106, 1, 5),
(281, 15, 18),
(261, 6, 2),
(130, 5, 14),
(305, 12, 10),
(154, 10, 20),
(193, 11, 16),
(42, 7, 4),
(287, 12, 4),
(102, 7, 3),
(157, 1, 11),
(221, 9, 13),
(253, 12, 3),
(116, 10, 20),
(182, 20, 10),
(318, 4, 10),
(150, 14, 3),
(64, 3, 9),
(257, 1, 4),
(319, 10, 16),
(303, 13, 9),
(308, 14, 1),
(84, 17, 19),
(303, 15, 16),
(200, 6, 11),
(7, 17, 16),
(225, 11, 4),
(90, 10, 18),
(82, 19, 19),
(175, 10, 15),
(224, 1, 3),
(123, 4, 1),
(274, 2, 5),
(104, 20, 12),
(237, 3, 11),
(120, 6, 5),
(262, 2, 6),
(344, 4, 15),
(163, 9, 13),
(153, 18, 15),
(330, 18, 16),
(333, 11, 20),
(203, 4, 7),
(149, 3, 1),
(254, 20, 4),
(183, 5, 7),
(157, 10, 16),
(228, 20, 8),
(118, 16, 3),
(148, 17, 4),
(145, 12, 16),
(121, 15, 20),
(39, 19, 20),
(106, 2, 5),
(276, 2, 20),
(267, 9, 20),
(189, 12, 9),
(96, 20, 3),
(333, 12, 17),
(212, 16, 15),
(174, 16, 9),
(227, 18, 5),
(340, 1, 10),
(222, 3, 14),
(34, 8, 9),
(126, 14, 19),
(129, 6, 1),
(175, 8, 11),
(344, 4, 20),
(258, 4, 4),
(300, 2, 8),
(48, 16, 7),
(13, 18, 15),
(208, 17, 7),
(101, 15, 17),
(110, 6, 20),
(285, 18, 3),
(306, 4, 14),
(42, 14, 20),
(47, 7, 5),
(59, 2, 2),
(82, 5, 14),
(32, 15, 18),
(207, 20, 13),
(306, 5, 2),
(117, 2, 5),
(341, 19, 11),
(180, 13, 2),
(81, 18, 3),
(266, 17, 9),
(196, 15, 1),
(155, 7, 1),
(334, 5, 4),
(267, 17, 20),
(81, 14, 20),
(106, 15, 10),
(351, 1, 4),
(351, 1, 8),
(351, 1, 2),
(351, 1, 10),
(352, 1, 2),
(352, 1, 3),
(352, 1, 4),
(353, 1, 11),
(353, 1, 17);

-- --------------------------------------------------------

--
-- Table structure for table `user_project`
--

CREATE TABLE IF NOT EXISTS `user_project` (
  `user_id` int(20) DEFAULT NULL,
  `project_id` int(20) DEFAULT NULL,
  KEY `user_id` (`user_id`),
  KEY `project_id` (`project_id`)
) ENGINE=InnoDB DEFAULT CHARSET=latin1;

--
-- Dumping data for table `user_project`
--

INSERT INTO `user_project` (`user_id`, `project_id`) VALUES
(13, 21),
(10, 40),
(18, 57),
(10, 23),
(6, 11),
(17, 84),
(18, 12),
(1, 84),
(2, 75),
(18, 7),
(13, 82),
(18, 37),
(8, 6),
(5, 78),
(20, 25),
(7, 99),
(6, 68),
(3, 40),
(13, 96),
(7, 22),
(4, 20),
(13, 43),
(10, 93),
(3, 37),
(17, 41),
(18, 50),
(11, 14),
(3, 54),
(14, 68),
(18, 87),
(9, 22),
(19, 19),
(12, 34),
(12, 54),
(4, 9),
(17, 31),
(8, 16),
(3, 93),
(10, 77),
(7, 11),
(14, 84),
(11, 11),
(16, 12),
(12, 25),
(20, 67),
(13, 60),
(6, 77),
(8, 71),
(19, 12),
(7, 71),
(18, 100),
(1, 17),
(3, 60),
(6, 50),
(12, 82),
(8, 94),
(19, 23),
(13, 21),
(19, 94),
(20, 49),
(3, 64),
(9, 32),
(8, 95),
(15, 52),
(4, 95),
(19, 21),
(2, 50),
(18, 61),
(9, 67),
(11, 23),
(1, 51),
(6, 41),
(5, 77),
(1, 54),
(12, 53),
(17, 40),
(13, 74),
(18, 32),
(16, 9),
(9, 23),
(3, 79),
(1, 69),
(19, 14),
(1, 59),
(18, 1),
(3, 7),
(11, 53),
(8, 70),
(6, 68),
(15, 22),
(3, 59),
(12, 25),
(17, 63),
(3, 74),
(5, 76),
(6, 8),
(19, 61),
(9, 22),
(14, 27),
(2, 21),
(4, 7),
(8, 7),
(2, 7),
(10, 7),
(2, 97),
(3, 97),
(4, 97),
(11, 97),
(17, 97);

-- --------------------------------------------------------

--
-- Table structure for table `user_timesheet`
--

CREATE TABLE IF NOT EXISTS `user_timesheet` (
  `user_id` int(20) DEFAULT NULL,
  `timesheet_id` int(20) DEFAULT NULL,
  UNIQUE KEY `timesheet_id` (`timesheet_id`),
  KEY `user_id` (`user_id`)
) ENGINE=InnoDB DEFAULT CHARSET=latin1;

--
-- Dumping data for table `user_timesheet`
--

INSERT INTO `user_timesheet` (`user_id`, `timesheet_id`) VALUES
(18, 232),
(14, 258),
(2, 251),
(9, 182),
(3, 57),
(14, 222),
(20, 173),
(9, 139),
(12, 142),
(20, 187),
(16, 243),
(8, 289),
(19, 119),
(19, 75),
(9, 292),
(8, 206),
(10, 194),
(10, 101),
(8, 202),
(8, 185),
(17, 162),
(1, 10),
(12, 226),
(8, 177),
(12, 293),
(13, 272),
(19, 98),
(3, 120),
(14, 51),
(8, 191),
(7, 36),
(2, 127),
(9, 253),
(8, 46),
(8, 156),
(12, 254),
(18, 7),
(20, 105),
(4, 26),
(6, 106),
(6, 90),
(1, 123),
(16, 224),
(7, 179),
(17, 285),
(15, 184),
(8, 104),
(7, 283),
(5, 15),
(17, 247),
(12, 50),
(15, 299),
(16, 264),
(16, 124),
(2, 100),
(18, 167),
(13, 64),
(14, 260),
(15, 197),
(2, 95),
(7, 223),
(3, 239),
(13, 22),
(17, 267),
(20, 146),
(16, 219),
(18, 176),
(16, 133),
(8, 118),
(15, 76),
(11, 24),
(14, 63),
(9, 280),
(11, 257),
(14, 296),
(16, 21),
(8, 186),
(14, 62),
(20, 125),
(8, 16),
(13, 279),
(18, 66),
(14, 42),
(4, 79),
(13, 281),
(6, 113),
(15, 165),
(1, 129),
(5, 56),
(6, 269),
(20, 266),
(3, 270),
(6, 196),
(11, 78),
(8, 96),
(10, 114),
(15, 183),
(6, 136),
(18, 93),
(9, 25),
(14, 230),
(18, 175),
(15, 256),
(3, 134),
(2, 77),
(3, 109),
(10, 246),
(5, 163),
(11, 275),
(20, 220),
(15, 150),
(9, 295),
(12, 87),
(14, 152),
(14, 300),
(13, 53),
(20, 70),
(4, 45),
(15, 236),
(18, 204),
(20, 286),
(18, 159),
(8, 149),
(11, 116),
(19, 145),
(9, 250),
(16, 111),
(9, 8),
(2, 88),
(9, 110),
(17, 54),
(2, 170),
(3, 221),
(17, 216),
(14, 297),
(6, 203),
(10, 153),
(16, 180),
(11, 265),
(14, 138),
(9, 151),
(7, 38),
(7, 59),
(10, 276),
(1, 130),
(10, 277),
(12, 89),
(8, 229),
(18, 188),
(10, 81),
(13, 217),
(17, 30),
(17, 235),
(18, 174),
(20, 52),
(15, 115),
(3, 28),
(3, 193),
(2, 1),
(8, 37),
(15, 3),
(4, 268),
(11, 5),
(11, 17),
(6, 71),
(20, 85),
(11, 65),
(3, 244),
(2, 33),
(14, 148),
(8, 298),
(4, 157),
(9, 126),
(10, 199),
(15, 135),
(16, 99),
(7, 241),
(14, 282),
(17, 29),
(16, 69),
(11, 14),
(5, 166),
(6, 86),
(9, 228),
(18, 84),
(5, 32),
(17, 288),
(13, 213),
(18, 189),
(1, 274),
(19, 31),
(4, 94),
(12, 72),
(12, 181),
(20, 225),
(17, 259),
(1, 132),
(4, 49),
(14, 201),
(19, 11),
(13, 215),
(5, 47),
(17, 48),
(3, 190),
(4, 245),
(11, 198),
(4, 74),
(19, 294),
(20, 44),
(3, 83),
(1, 122),
(12, 23),
(8, 248),
(18, 255),
(13, 207),
(12, 261),
(9, 82),
(18, 103),
(9, 278),
(2, 117),
(8, 91),
(17, 92),
(3, 290),
(2, 131),
(16, 287),
(2, 97),
(9, 209),
(7, 205),
(8, 210),
(10, 160),
(17, 158),
(4, 208),
(2, 80),
(2, 18),
(1, 234),
(5, 263),
(13, 43),
(18, 238),
(4, 6),
(14, 218),
(17, 154),
(16, 262),
(2, 169),
(14, 13),
(2, 144),
(2, 161),
(1, 58),
(7, 2),
(3, 231),
(4, 240),
(10, 168),
(10, 195),
(6, 233),
(12, 147),
(16, 19),
(9, 121),
(17, 61),
(5, 39),
(8, 107),
(13, 73),
(14, 212),
(2, 211),
(17, 137),
(11, 140),
(15, 20),
(5, 252),
(4, 128),
(6, 271),
(18, 60),
(2, 40),
(8, 108),
(2, 284),
(20, 27),
(18, 12),
(2, 141),
(8, 41),
(13, 242),
(15, 35),
(19, 200),
(2, 249),
(17, 34),
(15, 143),
(19, 192),
(6, 68),
(5, 291),
(9, 227),
(7, 9),
(20, 214),
(7, 164),
(18, 155),
(11, 171),
(11, 273),
(11, 102),
(11, 67),
(18, 55),
(2, 112),
(1, 172),
(17, 178),
(19, 237),
(10, 4);

--
-- Constraints for dumped tables
--

--
-- Constraints for table `project`
--
ALTER TABLE `project`
  ADD CONSTRAINT `project_ibfk_1` FOREIGN KEY (`project_manager_id`) REFERENCES `user` (`user_id`) ON DELETE CASCADE ON UPDATE CASCADE;

--
-- Constraints for table `project_timesheet`
--
ALTER TABLE `project_timesheet`
  ADD CONSTRAINT `project_timesheet_ibfk_1` FOREIGN KEY (`timesheet_id`) REFERENCES `timesheet` (`timesheet_id`) ON DELETE CASCADE ON UPDATE CASCADE,
  ADD CONSTRAINT `project_timesheet_ibfk_2` FOREIGN KEY (`project_id`) REFERENCES `project` (`project_id`) ON DELETE CASCADE ON UPDATE CASCADE;

--
-- Constraints for table `task`
--
ALTER TABLE `task`
  ADD CONSTRAINT `task_ibfk_1` FOREIGN KEY (`task_timesheet_id`) REFERENCES `timesheet` (`timesheet_id`) ON DELETE CASCADE ON UPDATE CASCADE;

--
-- Constraints for table `user_notification`
--
ALTER TABLE `user_notification`
  ADD CONSTRAINT `user_notification_ibfk_1` FOREIGN KEY (`to_user_id`) REFERENCES `user` (`user_id`) ON DELETE CASCADE ON UPDATE CASCADE,
  ADD CONSTRAINT `user_notification_ibfk_2` FOREIGN KEY (`from_user_id`) REFERENCES `user` (`user_id`) ON DELETE CASCADE ON UPDATE CASCADE,
  ADD CONSTRAINT `user_notification_ibfk_3` FOREIGN KEY (`notification_id`) REFERENCES `notification` (`notification_id`) ON DELETE CASCADE ON UPDATE CASCADE;

--
-- Constraints for table `user_project`
--
ALTER TABLE `user_project`
  ADD CONSTRAINT `user_project_ibfk_1` FOREIGN KEY (`user_id`) REFERENCES `user` (`user_id`) ON DELETE CASCADE ON UPDATE CASCADE,
  ADD CONSTRAINT `user_project_ibfk_2` FOREIGN KEY (`project_id`) REFERENCES `project` (`project_id`) ON DELETE CASCADE ON UPDATE CASCADE;

--
-- Constraints for table `user_timesheet`
--
ALTER TABLE `user_timesheet`
  ADD CONSTRAINT `user_timesheet_ibfk_1` FOREIGN KEY (`user_id`) REFERENCES `user` (`user_id`) ON DELETE CASCADE ON UPDATE CASCADE,
  ADD CONSTRAINT `user_timesheet_ibfk_2` FOREIGN KEY (`timesheet_id`) REFERENCES `timesheet` (`timesheet_id`) ON DELETE CASCADE ON UPDATE CASCADE;

/*!40101 SET CHARACTER_SET_CLIENT=@OLD_CHARACTER_SET_CLIENT */;
/*!40101 SET CHARACTER_SET_RESULTS=@OLD_CHARACTER_SET_RESULTS */;
/*!40101 SET COLLATION_CONNECTION=@OLD_COLLATION_CONNECTION */;
